Gene	PMID || Source	Chrom	Start (0-based)	End (1-based)	Repeat Motif	Pathogenic Lower Bound
AFF2	30503517	X	147582151	147582211	GCC	200
AFF3	24763282	2	100721261	100721286	CGG	300
AR	29398703	X	66765158	66765227	CAG	38
ARX	29946432	X	25031771	25031815	GCG	20
ATN1	29398703	12	7045879	7045936	CAG	48
ATXN1	29398703	6	16327864	16327954	CAG	39
ATXN10	29398703	22	46191234	46191304	ATTCT	280
ATXN2	29398703	12	112036753	112036822	CAG	33
ATXN3	29398703	14	92537353	92537386	CAG	55
ATXN7	29398703	3	63898360	63898390	CAG	37
ATXN8	29398703	13	70713515	70713560	CTG	80
C11orf80	18160775	11	66512293	66512320	CGG	500
C9ORF72	29398703	9	27573526	27573544	GGGGCC	30
CACNA1A	29398703	19	13318672	13318711	CAG	20
CBL	EH-repo	11	119076999	119077032	CGG	500
CNBP	29398703	3	128891419	128891499	CAGG	50
COMP	9887340	19	18896839	18896859	GAC	6
CSTB	EH-repo	21	45196324	45196360	CGCGGGGCGGGG	40
DIP2B	EH-repo	12	50898784	50898805	GGC	500
DMPK	29398703	19	46273462	46273522	CTG	50
FMR1	29398703	X	146993568	146993628	CGG	200
FOXL2	12529855	3	138664863	138664904	GCN	22
FRA10AC1	15203205	10	95462280	95462305	CGG	200
FXN	29398703	9	71652202	71652220	GAA	66
GLS	30970188	2	191745598	191745646	GCA	650
HOXA13	10839976	7	27239445	27239480	GCN	18
HOXD13	20974300	2	176957787	176957831	GCN	22
HTT	29398703	4	3076603	3076660	CAG	36
JPH3	29398703	16	87637893	87637935	CTG	41
LOC642361 / NUTM2B-AS1	31332380	10	81586141	81586160	CGG	90
LRP12	31332380	8	105601201	105601227	GGC	90
NOP56	30503517	20	2633379	2633403	GGCCTG	1500
NOTCH2NLC / NBPF19	31332381	1	145209323	145209344	GGC	90
PAPBN1	9462747	14	23790682	23790711	GCN	11
PHOX2B	EH-repo	4	41747989	41748049	GCN	500
PPP2R2B	29398703	5	146258290	146258320	CAG	43
RUNX2	9182765	6	45390488	45390538	GCN	27
SOX3	12428212	X	139586482	139586526	GCN	26
TBP	29398703	6	170870994	170871105	CAG	43
TCF4	28832669	18	53253386	53253458	CAG	40
TMEM185A	7874164	X	148713420	148713437	GCC	300
XYLT1	30554721	16	17564764	17564779	GCC	500
ZIC2	11285244	13	100637703	100637747	GCN	25
ZNF713	25196122	7	55955294	55955332	CGG	85
Non-Reference						
Gene	PMID || Source	Chrom	Start (0-based)	End (1-based)	Repeat Motif	Pathogenic Lower Bound
BEAN1	19878914	16	66524302	66524369	(TGGAA)exp (TAGAA)n (TAAAA TAGAA)n	500
DAB1	28686858	1	57832716	57832790	(ATTTT)n (ATTTC)exp (ATTTT)n	31
RAPGEF2	29507423	4	160263679	160263768	(TTTTA)exp (TTTCA)exp (TTTTA)12	
RFC1	30926972	4	39350045	39350099	AAGGG	400
SAMD12_a	29507423	8	119379055	119379157	(TTTTA)exp (TTTCA)ins	598458
SAMD12_b	29507423	8	119379055	119379157	(TTTTA)exp (TTTCA)ins (TTTTA)exp	222122581
TAF1	29229810	X	70660413	70660414	CCCTCT 	35
TNRC6A	29507423	16	24624761	24624850	(TTTTA)22 (TTTCA)ins (TTTTA)exp	
YEATS2	31539032	3	183429976	183430010	(TTTTA)exp (TTTCA)ins	800192
