#Gene	PMID||Source	Chrom	Start(0-based)	End(bookend)	Repeat Motif	Pathogenic_Lower_Bound
AFF2	30503517	chrX	148500631	148500691	GCC	200
AR	29398703	chrX	67545316	67545385	CAG	38
ARX	29946432	chrX	25013654	25013698	GCG	20
ATN1	29398703	chr12	6936716	6936773	CAG	48
ATXN1	29398703	chr6	16327633	16327723	CAG	39
ATXN10	29398703	chr22	45795354	45795424	ATTCT	280
ATXN2	29398703	chr12	111598949	111599018	CAG	33
ATXN3	29398703	chr14	92071009	92071042	CAG	55
ATXN7	29398703	chr3	63912684	63912714	CAG	37
ATXN8	29398703	chr13	70139383	70139428	CTG	80
C9ORF72	29398703	chr9	27573528	27573546	GGGGCC	30
CACNA1A	29398703	chr19	13207858	13207897	CAG	20
CBL	EH-repo	chr11	119206289	119206322	CGG	500
CNBP	29398703	chr3	129172576	129172656	CAGG	50
CSTB	EH-repo	chr21	43776443	43776479	CGCGGGGCGGGG	40
DIP2B	EH-repo	chr12	50505001	50505022	GGC	500
DMPK	29398703	chr19	45770204	45770264	CTG	50
FMR1	29398703	chrX	147912050	147912110	CGG	200
FMR2	29946432	chrX	148500639	148500685	CCG	200
FXN	29398703	chr9	69037286	69037304	GAA	66
GLS	30970188	chr2	190880872	190880920	GCA	650
HTT	29398703	chr4	3074876	3074933	CAG	36
JPH3	29398703	chr16	87604287	87604329	CTG	41
NUTM2B-AS1	31332380	chr10	79826385	79826404	CGG	90
LRP12	31332380	chr8	104588973	104588999	GGC	90
NOP56	30503517	chr20	2652733	2652757	GGCCTG	1500
NBPF19	31332381	chr1	146228800	146228821	GGC	90
PHOX2B	EH-repo	chr4	41745972	41746032	GCA	500
PPP2R2B	29398703	chr5	146878727	146878757	CAG	43
TBP	29398703	chr6	170561906	170562017	CAG	43
TCF4	28832669	chr18	55586155	55586227	CAG	40
XYLT1	30554721	chr16	17470907	17470922	GCC	500
BEAN1	30503517	chr16	66490399	66490400	TGGAA	500
DAB1	30503517	chr1	57367044	57367045	ATTTC	31
RFC1	30926972	chr4	39348425	39348426	AAGGG	400
SAMD12	30503517	chr8	118366816	118366817	TTTCA	440
