#contig	start	end	unit	gene	region	top_case_zscore	high_case_counts	all_counts
11	114264337	114265512	AAAAG	C11orf71	intronic	13.80	HG00284:14.71	14.71,1.61,0.83,6.49,6.73,0.82,3.33,3.37,0.83,0.79
4	10135251	10136087	AATCCCAATTGATGGAG	WDR1(dist=16828),ZNF518B(dist=305417)	intergenic	9.20	HG00284:47.58	25.31,33.46,16.28,25.78,18.36,1.66,14.13,18.32,11.69,12.54,13.56,10.86,31.83,6.66,29.78,7.57,14.81,33.70,11.41,12.88,13.95,13.65,6.83,47.58,9.86,26.44,14.19,7.30,11.28,8.41,28.07,16.02,21.27,22.46,32.68,20.13,26.40,33.92,5.93,19.56,16.31,10.08,24.38,28.58,28.91,19.94,4.29,33.14,33.09,16.88,19.81,25.41,15.70,38.29,14.52,10.91,12.57,23.07,3.78,14.68,15.97,6.65,26.78,8.39,38.60,12.56,22.74,18.93,24.12,34.33,20.82,40.54,36.97,20.41,17.69,31.47,13.44,18.25,30.46,30.73,20.94,11.50,22.00,27.68,7.69,28.75,19.10,32.00,33.31,17.37,24.15,20.75,33.50,24.64,25.94,11.91,18.33,40.28,11.75,7.45,15.74,20.93,19.61,14.93,10.28,11.70,19.15,17.57,10.48,8.30,4.28,15.72,20.56,20.68,17.07,18.88,26.02,21.44,29.13,11.69,6.75,22.92,13.96,13.54,16.07,29.41,24.58,17.99,16.49,31.08,11.64,21.77,2.50,22.75,8.54,23.40,11.04,19.52,9.34,4.96,13.58,30.48
1	110196204	110196970	AAAG	AMPD2(dist=21527),GSTM4(dist=1751)	intergenic	8.58	HG00284:8.65	1.63,8.65,5.75,6.49
Y	13836823	13853777	AATGG	NONE(dist=NONE),GYG2P1(dist=664138)	intergenic	7.62	HG00284:369.40	184.50,172.18,241.81,208.71,135.21,247.10,162.91,246.50,240.47,334.31,201.01,205.46,233.70,265.40,270.57,175.05,214.67,228.50,200.48,206.87,207.65,224.41,240.07,369.40,242.50,225.14,262.08,283.26,165.20,290.17,191.68,197.32,296.01,87.25,143.81,160.17,178.21,172.62,186.14,171.91,144.25,215.50,230.17,171.51,160.56,237.25,282.70,199.74,173.97,235.74,181.62,180.80,221.03,227.27,177.38,154.03,159.73,285.24,282.33,155.74,145.36,310.03,235.39,212.10,251.03,229.80,223.98,155.22,223.59,175.16,308.06,296.15,210.04,225.65,206.15,153.76,216.39,96.89,230.77,206.11,295.42,174.91,189.22,165.94,201.17,202.12,237.74,250.36,212.77,140.35,151.01,199.40,134.08,237.40,115.74,191.90,297.30,173.29,230.26,154.86,209.93,155.96,209.32,272.72,213.68,231.09,187.54,121.90,205.13,210.83,164.69,208.04,209.98,219.99,294.63,200.28,189.49,310.10,122.45,204.71,207.40,234.77,345.83,206.68,156.79,182.90,167.92,189.30,310.59,182.73,312.06,213.92,198.30,201.70,188.08,130.29,189.03,197.18,226.90,219.59,187.93,248.64,150.44,216.81,235.11,89.17,204.34,268.55,158.71,143.95
9	113463299	113464854	AAAAT	MUSK	intronic	7.52	HG00284:38.93	16.32,21.17,23.28,12.52,10.82,14.13,20.89,26.32,11.69,8.38,4.16,39.14,13.47,31.26,18.08,19.56,25.76,15.36,24.78,38.93,17.26,23.24,10.85,19.48,19.01,18.89,10.93,10.93,6.43,14.03,12.70,26.57,7.69,0.84,5.86,16.48,24.54,3.36,19.96,24.27,15.10,34.07,10.68,26.80,13.47,8.61,14.66,10.62,11.30,13.03,13.05,12.89,18.73,6.84,17.23,9.39,18.32,8.37,12.97,11.91,6.66,26.56,9.23,19.88,6.82,18.86,6.69,20.02,12.55,6.98,9.41,14.89,23.04,13.96,23.63,30.56,13.09,8.46,10.99,17.11,10.08,14.84,10.05,7.49,17.09,5.01,18.71,16.99,14.39
1	226809774	226811074	AACCTGCACTCCAGTTGGT	STUM(dist=12844),ITPKB(dist=8317)	intergenic	5.87	HG00284:26.82	13.06,1.63,4.07,0.83,9.14,6.68,3.99,11.69,3.35,4.16,5.05,10.69,6.58,0.85,26.82,7.21,9.18,4.87,10.93,17.86,0.86,0.82,9.22,14.03,8.14,11.41,7.56,9.25,0.84,21.26,0.83,0.83,9.64,9.08,1.69,2.43,7.69,5.03,23.90,0.86,9.15,20.08,0.85,2.46,1.67,5.89,5.16,2.45,0.83,12.94,0.84,0.84,0.81,11.32,3.28,3.26,10.68,0.83,7.72,13.95,5.79,1.67,5.19,3.35,3.29,6.49,7.71,3.30,2.48,0.83,10.05,1.57,1.67,3.43,4.14,4.93,3.40,4.23,2.45,1.65,0.84,11.04,1.63,3.40,5.79,0.83
14	51336998	51338210	AAAG	ABHD12B(dist=561)	upstream	5.71	HG00284:6.92	1.63,9.15,1.67,12.22,0.85,6.92,1.68,0.85,2.61,0.81,0.82,0.86,0.86
Y	13685857	13688908	AATGG	NONE(dist=NONE),GYG2P1(dist=829007)	intergenic	5.67	HG00284:32.87	10.61,8.16,15.47,19.96,14.19,12.48,17.45,14.99,17.53,10.87,13.56,17.54,23.45,12.48,9.36,7.57,11.52,24.66,12.22,13.68,23.80,23.04,31.61,32.87,13.97,17.63,20.87,23.54,12.89,25.23,18.39,31.47,23.70,14.03,18.14,24.45,25.20,20.18,26.88,18.23,25.64,11.25,15.69,14.07,14.59,20.11,17.30,21.86,22.59,22.64,10.68,18.07,25.34,25.88,13.88,22.59,18.25,20.02,16.98,11.28,18.06,22.82,27.68,25.63,19.72,13.29,18.88,15.59,14.52,21.51,21.65,34.34,12.16,19.99,21.43,17.39,18.42,14.15,13.38,20.91,12.45,0.86,19.86,10.76,14.51,15.60,10.28,25.05,20.94,21.99,12.84,14.72,22.68,10.87,15.07,14.33,10.25,7.32,20.68,5.94
20	47114839	47115890	AAAG	LINC00494(dist=115458),PREX1(dist=124900)	intergenic	5.65	HG00284:12.11	1.66,1.64,12.11,11.68,4.21,8.43,2.55,5.03,2.37,0.81,0.84,10.09,0.86,0.83,0.83,0.83,0.85,0.85,0.84,3.41,2.43,5.11,1.68,0.83
10	32461947	32462832	ACATATATAT	KIF5B(dist=116594),EPC1(dist=93812)	intergenic	5.46	HG00284:6.06	0.80,6.06,1.94,0.85,1.63,3.43,5.75,3.40
Y	13138635	13143445	AATGG	NONE(dist=NONE),GYG2P1(dist=1374470)	intergenic	5.44	HG00284:56.23	24.49,37.54,34.20,22.45,15.86,31.62,26.60,29.15,35.90,53.49,24.73,28.40,39.37,39.94,31.48,13.47,32.08,32.06,25.26,27.37,27.08,37.54,27.34,56.23,37.81,43.27,27.54,47.08,33.85,37.01,28.07,25.30,28.92,12.96,21.24,21.80,22.28,18.73,26.82,18.63,12.22,16.31,26.88,25.22,24.38,26.36,30.35,36.00,22.37,28.95,24.11,23.94,22.02,23.97,26.57,20.27,17.94,35.24,33.51,23.07,22.65,56.13,28.58,35.77,27.61,29.35,28.96,19.71,27.63,25.26,32.70,33.28,28.61,29.98,31.05,22.69,21.23,13.48,37.12,23.30,40.84,17.40,25.88,24.97,39.41,21.19,26.87,34.18,28.75,19.93,21.45,30.36,16.23,27.30,19.98,26.80,47.74,19.71,29.19,17.87,28.32,17.14,26.37,30.21,24.85,30.65,25.12,17.05,36.15,23.14,15.88,23.50,26.77,25.32,35.69,24.82,24.82,24.84,14.07,18.09,32.43,34.48,33.58,18.01,20.56,18.37,22.78,23.77,36.64,18.61,36.36,23.10,24.37,23.73,31.07,18.14,21.00,38.82,30.14,19.96,19.38,26.49,20.06,31.54,35.79,18.68,32.26,20.79,17.82,22.02
Y	13855158	13870137	AATGG	NONE(dist=NONE),GYG2P1(dist=647778)	intergenic	5.34	HG00284:31.14	15.51,17.95,13.84,12.47,12.52,17.47,11.64,14.99,20.87,25.07,9.57,10.86,20.10,15.81,11.06,9.26,11.52,15.62,11.41,13.68,26.26,10.24,24.78,31.14,21.37,16.83,16.69,19.48,8.06,23.55,12.59,7.59,9.36,2.59,8.99,3.35,12.38,14.20,2.54,13.04,6.01,22.68,4.20,11.77,3.40,26.02,3.43,21.54,31.43,10.45,15.69,6.77,3.31,12.50,10.54,4.27,8.39,28.48,12.36,5.66,10.36,21.86,4.16,18.41,12.58,5.96,13.14,5.86,8.42,17.21,6.66,9.81,4.16,26.74,6.72,16.33,2.53,17.75,7.17,19.98,16.53,16.17,13.69,12.32,11.41,15.47,22.22,17.25,11.63,11.15,22.98,6.83,9.10,11.66,6.05,18.42,4.11,17.84,5.96,18.33,8.57,10.71,10.07,13.25,9.94,17.58,4.26,13.36,7.71,10.03,1.74,18.41,4.36,19.92,3.42,18.20,17.13,9.10,2.47,22.19,9.03,8.39,6.86,16.28,10.02,7.59,5.94,16.58,4.23,20.30,11.98,2.52,9.32,9.00,3.30,10.92,15.53,13.40,3.33,18.54,7.69,4.18,12.61,12.20,1.70,20.68,10.81,14.43,7.62
6	52036567	52037779	AAAG	LINCMD1(dist=20746),IL17A(dist=13394)	intergenic	5.12	HG00284:6.92	1.63,1.66,0.83,5.01,0.84,5.03,0.82,1.64,0.82,6.92,0.84,2.58,1.68,0.84,0.86,0.83,2.54,0.85,0.83,0.84,0.83,0.81,1.63,0.82,0.83,1.73,0.82,1.62,0.85,0.83,1.67,0.84,1.74,0.87,0.83,2.56,0.85,1.64,0.83
8	70364383	70364764	AAGGG	LINC01603(dist=3904),SULF1(dist=14095)	intergenic	4.43	HG00284:5.19	4.99,2.41,5.19,0.80,5.47,0.84,1.69,3.33
6	833704	834285	AAGGAAGGTAGG	EXOC2(dist=140565),LOC101927691(dist=34213)	intergenic	4.30	HG00284:6.06	1.63,0.82,6.06,0.84,2.44,2.41,0.85,5.13,0.84,1.68,2.55,1.69,0.81,0.82,3.42,6.57,0.84
4	49140929	49158820	AATGG	CWH43(dist=76834),NONE(dist=NONE)	intergenic	4.04	HG00284:572.70	389.41,366.38,421.75,448.18,306.31,465.08,362.39,397.23,447.55,619.31,369.32,324.90,472.42,443.45,479.88,311.38,417.83,392.89,369.98,392.01,380.00,467.59,464.76,572.70,429.92,453.49,514.97,490.23,375.53,509.69,377.55,354.16,529.93,239.30,254.94,340.47,301.98,346.87,366.76,269.29,286.05,364.88,380.54,330.40,291.70,441.34,502.09,360.05,292.43,392.90,302.96,369.04,409.88,451.23,330.55,252.94,263.94,516.79,487.58,320.55,265.24,512.12,433.79,386.77,509.60,361.47,407.94,286.62,426.24,307.38,504.25,497.47,368.60,420.49,345.02,311.72,472.79,242.64,448.62,392.51,477.02,348.96,370.36,306.09,371.96,335.77,387.56,381.95,356.54,305.61,295.16,416.85,260.48,418.55,257.29,414.06,462.28,363.83,437.82,327.60,411.53,354.77,360.14,549.64,319.69,425.74,368.38,277.89,418.90,358.24,346.10,385.62,306.19,439.97,470.58,389.44,393.87,587.65,261.45,397.91,394.31,397.31,553.16,374.77,322.14,386.67,393.22,445.67,446.68,337.54,474.43,391.91,328.54,453.41,359.80,275.42,314.20,383.49,420.31,397.60,373.34,405.85,313.42,400.51,398.63,238.65,378.06,443.98,335.24,261.64
12	44420406	44420970	AAAAT	TMEM117	intronic	3.85	HG00284:5.19	5.19,0.79,1.65,0.86,0.84,1.61,1.71,2.47,2.48,1.71,4.19,0.83,1.66
1	70246706	70248130	AAAG	LRRC7	intronic	3.46	HG00284:13.84	11.43,11.40,6.68,8.31,1.67,7.51,10.87,5.01,6.73,0.82,2.46,13.84,8.35,9.25,11.62,4.25,10.37,10.25,4.23,0.81,10.30,1.68,0.84,0.84,4.29,1.66,2.48,2.48,9.38,8.11,13.42,4.12,6.61,1.73,8.61,7.36,5.00,1.73,5.88,2.45,1.79,3.48,0.87,4.85,5.64,4.89,8.14,4.11,4.15,1.71,0.83,5.19,3.35,6.81,12.59,8.28,1.70,4.18,0.84,2.55,8.72,0.84,0.83,5.08
4	49092903	49126487	AATGG	CWH43(dist=28808),NONE(dist=NONE)	intergenic	3.42	HG00284:759.57	555.94,401.47,563.42,600.34,372.25,595.70,497.87,456.35,579.47,708.74,454.67,406.75,612.31,498.36,602.40,444.35,441.69,447.14,462.07,433.87,509.68,581.93,559.59,759.57,531.85,513.58,506.63,538.93,415.01,698.92,495.66,544.74,680.48,318.78,419.99,589.53,466.99,468.20,486.65,453.06,503.64,552.91,584.67,422.88,448.90,610.57,591.41,593.22,457.29,641.87,449.22,503.61,526.74,534.70,453.23,368.06,331.43,625.02,515.23,377.41,448.35,661.52,610.33,440.84,562.32,447.85,466.70,399.95,560.23,443.80,688.40,583.98,455.23,651.97,552.03,399.94,587.93,433.05,610.00,538.58,649.93,500.38,562.01,453.50,490.20,493.06,545.51,594.72,469.09,391.98,358.65,619.53,317.70,473.15,312.25,561.01,554.40,515.77,698.08,445.87,587.30,631.56,469.74,633.56,565.68,641.10,626.25,365.70,556.44,525.37,532.52,554.49,471.84,658.21,624.13,655.62,574.26,734.99,311.92,502.32,600.00,455.59,707.60,494.84,442.94,415.90,591.52,488.96,581.91,519.43,778.03,546.79,479.79,830.55,513.54,321.59,521.71,402.90,706.66,500.74,552.84,588.70,517.36,539.27,439.30,322.73,598.12,672.62,435.38,430.99
14	106168734	106169839	ACCAGGGCTGAGTGACGAGG	ELK2AP(dist=29590),MIR4507(dist=154454)	intergenic	3.40	HG00284:8.65	3.27,4.90,3.26,4.99,2.50,2.49,2.50,2.50,1.67,3.99,3.34,4.19,1.66,1.70,4.21,3.29,4.93,6.52,0.80,0.82,2.56,1.71,8.65,2.47,1.60,2.50,3.25,3.36,5.81,1.69,4.25,5.18,3.27,1.68,4.95,0.81,1.58,2.54,1.63,1.72,0.84,2.52,2.52,2.55,1.73,4.29,3.31,4.14,3.21,1.69,4.13,3.91,0.81,4.27,4.19,4.19,4.12,1.73,2.52,0.84,1.68,1.70,1.64,1.67,1.68,1.72,6.66,3.27,1.67,6.04,0.84,0.82,0.84,2.42,4.48,3.48,3.48,4.04,3.22,0.82,4.07,1.71,6.57,1.66,1.72,6.56,0.85,3.31,2.50,1.73,2.51,4.11,2.43,0.85,1.70,1.57,3.35,0.83,0.83,2.47,0.82,0.84,0.86,0.85,0.82,0.82,1.68,0.84,0.84,1.65
2	109815173	109816857	AATGG	SH3RF3	intronic	3.35	HG00284:217.14	105.31,110.16,121.31,143.02,106.00,146.43,130.49,147.40,124.41,234.85,137.20,126.12,155.80,136.45,146.35,110.25,130.78,119.18,113.28,104.64,119.01,110.92,148.66,217.14,136.46,127.39,153.57,116.88,101.54,165.69,121.01,94.44,177.78,76.02,94.78,89.73,132.84,83.05,102.54,89.76,101.05,117.62,126.01,110.97,87.43,113.10,125.74,151.73,80.36,107.53,73.13,117.23,155.82,147.11,70.33,93.23,76.88,186.25,181.80,74.16,101.00,188.26,160.57,119.77,145.60,133.35,170.33,92.80,109.70,99.37,154.89,151.40,127.50,136.56,89.71,108.39,138.00,70.77,144.43,151.45,220.70,93.98,79.25,90.22,119.06,86.39,126.20,152.10,83.79,134.54,72.93,107.50,98.21,136.48,63.28,91.63,168.33,88.70,110.27,115.72,151.61,122.54,119.50,196.36,125.89,121.76,90.42,96.33,73.88,102.85,104.50,126.22,141.38,154.51,145.24,159.20,110.88,226.15,100.94,108.52,115.22,129.70,202.29,117.49,95.10,116.08,106.32,112.05,158.78,101.52,174.21,143.76,102.51,138.14,88.32,78.34,116.78,125.76,115.54,139.74,96.92,160.63,73.55,93.03,124.47,59.45,140.64,141.34,105.24,98.22
9	14010168	14011316	AAAG	LINC00583(dist=64562),NFIB(dist=70526)	intergenic	3.19	HG00284:11.25	2.49,0.83,4.18,1.60,6.68,0.84,0.83,6.58,4.02,4.92,11.25,12.33,9.18,2.42,8.15,5.78,16.53,0.78,0.81,1.71,1.68,8.38,0.82,0.94,4.18,2.52,6.81,0.82,0.82,0.83,1.70
10	2643842	2644850	AAGGAAGGAAGGAGGG	LINC02645(dist=100188),LOC101927824(dist=449841)	intergenic	3.09	HG00284:4.33	1.67,4.33,0.84,2.48,0.82,0.79,1.67,0.82,0.84,0.84,0.84,1.70,2.45,2.33,1.67,0.85
8	33376119	33377398	AAAG	SNORD13(dist=5023),RNF122(dist=27874)	intergenic	2.97	HG00284:6.92	4.90,2.45,4.07,1.66,1.67,0.83,0.83,2.52,1.65,0.81,3.41,6.92,1.64,0.80,0.83,0.81,7.74,1.70,0.86,1.63,1.72,5.88,0.84,4.34,0.86,0.83,6.43,1.65,1.69,0.82,1.89,2.50,3.35,1.70,1.64,1.66,2.50,1.73,0.84,0.84,0.81,0.87,0.81,1.63,0.85,6.64,0.82,3.31,1.67,0.86,0.84,3.40,0.84,0.83,2.48,0.85,0.82,0.86,0.84,0.85,1.64,0.83,1.71,0.84,0.83,1.69
4	183021976	183022896	AAGGAAGGAAGGGAGGGAGG	TEMN3-AS1(dist=270850),TENM3-AS1(dist=36917)	intergenic	2.92	HG00284:4.33	0.83,1.60,0.81,4.33,0.83,0.81,0.86,1.68,1.68,0.83,0.85,0.78,0.84,1.67,1.67,1.63,1.61,0.81,0.82,0.83,0.81,0.85,0.86,1.57,0.87,0.83,0.86,0.83,1.69,0.86,0.85
8	19065432	19066502	AAGAG	LOC100128993	ncRNA_intronic	2.88	HG00284:4.33	0.81,0.83,3.29,1.63,1.71,4.33,2.42,0.84,0.83,0.84,0.85,0.87,1.68,1.66,0.86,1.67,0.84,0.82,1.65,0.83,1.69
16	66523646	66524899	AAAAT	BEAN1	intronic	2.78	HG00284:32.87	22.80,20.78,11.70,6.81,19.56,20.12,9.85,32.87,25.48,7.30,6.45,9.25,0.85,26.06,1.63,3.43,0.87,5.93,4.94,30.66,10.11,0.81,21.17,4.14,11.24,0.82,5.96,29.16,4.20
8	27775726	27776564	AGG	SCARA5	intronic	2.64	HG00284:7.79	4.90,1.63,3.26,0.83,4.17,0.83,1.66,5.00,0.83,0.84,0.80,1.67,1.68,3.33,3.40,5.05,0.82,0.82,4.07,4.02,4.10,1.71,2.56,7.79,1.64,3.20,4.17,4.06,0.81,2.52,6.78,2.53,1.70,0.86,2.45,0.84,2.48,1.63,1.58,2.54,1.63,2.58,4.20,2.52,2.52,3.40,0.87,1.71,3.31,2.48,2.41,0.83,3.39,1.65,3.91,2.43,1.68,1.68,1.65,2.83,2.59,1.68,3.33,6.69,1.68,0.85,3.29,0.84,0.84,2.58,3.33,0.82,1.67,2.59,1.68,0.84,2.42,2.69,2.61,2.61,1.62,2.42,4.11,2.44,1.63,1.71,1.64,1.72,0.82,1.67,2.59,2.51,0.82,2.43,1.70,2.50,0.86,2.47,1.68,3.31,0.84,0.85,0.79,2.57,2.61,1.67,1.66,0.86,4.96,1.71,3.31,0.82,5.97,0.82,3.43,4.28,1.67,3.38,4.24,4.36,1.69,3.38,1.68,2.54,4.91,6.72,0.78,0.84,0.83,1.69,0.85,6.69,1.58,1.63,2.55,1.65,4.16,0.85,2.54
19	16083112	16083159	AAAG	OR10H4(dist=22344),LINC00661(dist=43285)	intergenic	2.60	HG00284:2.60	2.60
4	95603426	95603427	AAAT	PDLIM5(dist=14048),BMPR1B-DT(dist=61392)	intergenic	2.60	HG00284:2.60	2.60
8	143302794	143304556	ACCCACTCACTCACTCACTC	TSNARE1	intronic	2.50	HG00284:4.33	0.83,0.83,1.67,1.70,1.65,1.64,0.81,0.80,0.82,1.71,4.33,0.84,1.69,0.86,2.52,1.65,0.81,0.86,1.68,0.84,1.61,2.34,0.85,0.84,0.83,0.84,0.85,0.83,0.81,1.63,0.83,0.86,1.64,0.85,0.86,0.84,0.82,0.81,0.85,0.86,0.82,0.84,0.86,2.49,2.46,0.84,1.67,0.84,0.85,0.84,0.85,2.33,1.67,0.85,0.81,0.83,0.83
X	155102368	155103641	AAGCTGACTTCACAGC	SPRY3(dist=90249),VAMP7(dist=7367)	intergenic	2.49	HG00284:7.79	0.82,2.50,2.50,8.36,2.51,1.68,0.82,1.63,0.80,0.82,5.98,7.79,2.47,2.50,0.81,4.03,2.53,2.48,0.86,4.20,0.85,0.87,1.65,4.23,2.34,0.81,3.36,1.68,2.52,8.32,2.52,0.85,4.11,3.35,0.84,6.04,0.81,2.69,0.87,0.81,1.64,5.81,1.64,2.56,2.48,3.46,1.62,5.11,0.83,3.30,1.66,3.35,5.11,1.57,1.71,4.18,0.87,0.84,3.49,1.66,3.31,2.57,0.83,1.64,3.41,1.68,0.86,1.69,2.55,3.42,5.88,2.54,3.36,1.66,3.37,3.34,3.15,3.25,2.48,6.65,3.39
GL000216.1	0	13158	AATGG	NONE(dist=NONE),NONE(dist=NONE)	intergenic	2.48	HG00284:66.61	26.94,25.30,29.31,24.94,20.03,52.41,36.57,31.64,35.90,40.95,35.10,26.73,5.86,40.77,51.90,26.09,48.53,31.23,18.74,36.22,38.57,47.78,57.24,66.61,31.24,56.89,52.58,40.58,37.07,32.80,30.01,10.96,33.17,20.73,17.16,25.16,23.10,18.73,46.54,27.95,19.56,18.89,25.20,22.70,19.33,22.11,40.76,32.58,9.11,24.81,27.32,52.01,46.58,35.54,39.85,8.92,19.65,36.91,51.10,28.84,14.16,55.27,46.24,17.47,39.33,46.13,51.95,17.25,32.66,13.47,56.79,60.73,31.06,47.46,11.21,26.89,24.50,18.54,37.12,23.30,68.64,41.77,22.64,11.28,11.50,7.33,13.03,22.22,27.11,41.52,18.88,3.28,22.21,14.06,29.14,27.66,55.27,17.25,9.73,7.66,58.31,54.84,47.80,73.01,25.67,24.85,76.19,20.46,39.30,55.71,38.46,53.10,41.83,44.52,19.09,19.69,33.93,61.68,29.79,41.93,53.77,31.19,50.36,31.73,37.70,56.79,21.94,52.63,35.77,32.99,46.51,25.67,30.25,59.32,35.98,18.14,21.00,41.92,23.44,36.60,37.08,79.46,50.15,13.40,43.93,28.03,33.92,31.59,27.16,40.64
5	59057524	59058504	ACACATATGCGTATATGGGT	PDE4D	intronic	2.38	HG00284:4.33	3.26,1.67,1.66,1.67,19.21,1.70,4.33,2.47,3.25,0.83,6.59,1.68,0.82,0.87,0.86,0.83,0.87,2.52,1.69
9	134295142	134296119	AAAGAGAG	PLPP7(dist=110494),PRRC2B(dist=9358)	intergenic	2.37	HG00284:6.06	1.63,1.60,8.23,1.64,5.13,6.06,11.28,4.13,0.78,5.18,3.33,4.19,0.83,0.85,1.64,3.34,1.68,5.82,1.69,2.44,1.70
8	104846737	104847307	AAAG	RIMS2	intronic	2.37	HG00284:2.60	0.83,2.60,0.84,0.82,0.81,0.87,0.82
11	76402965	76404412	ACACCTCTCTGCCCTCCGC	GUCY2EP	ncRNA_intronic	2.34	HG00284:8.65	4.90,1.63,1.63,2.49,0.83,1.66,2.49,0.83,1.67,2.51,2.39,0.84,2.51,0.83,1.70,0.82,2.41,0.82,2.56,0.85,8.65,6.58,1.60,0.83,0.81,2.42,0.84,1.94,0.84,3.40,1.63,0.84,2.44,2.37,1.69,1.63,0.86,1.68,1.68,4.20,2.55,1.73,0.86,0.83,0.80,1.65,1.69,2.48,0.78,0.81,4.27,5.87,2.51,1.65,0.84,3.35,0.84,4.26,1.64,1.72,1.66,1.63,0.84,1.63,2.53,2.42,3.58,0.81,4.11,0.85,0.83,0.86,2.46,0.85,2.50,1.67,0.82,1.70,1.67,5.14,1.65,1.68,9.94,6.63,2.51,4.26,7.86,3.43,5.02,0.87,3.35,0.86,2.48,8.57,7.45,6.58,5.12,2.46,1.68,0.86,1.71,6.68,3.38,2.55,0.87,0.85,1.69,0.86,2.52,1.64,0.82,1.68,2.33,3.35,1.69,2.56,4.18,2.37,1.63,1.70,4.14,6.65,5.09,2.54
3	36920724	36922099	AAACATGCAAATATATGT	TRANK1	intronic	2.28	HG00284:15.57	0.82,3.33,6.68,2.49,5.85,1.68,1.61,15.57,8.22,1.60,5.10,0.82,4.07,2.52,1.70,4.29,4.82,11.86,4.19,5.16,0.82,23.45,7.39,3.26,0.85,10.30,1.73,8.11,11.66,15.66,20.71,2.47,1.69,2.57,18.49,1.55,0.83,6.79,1.65
4	72741788	72742787	AAGG	GC(dist=70551),NPFFR2(dist=154734)	intergenic	2.22	HG00284:4.33	4.33,0.83,1.68,0.83,0.81,0.84,0.84,0.87,5.14,1.61,1.64,1.73,0.84,2.45,0.84,1.74,1.70,2.57,5.77,1.70,1.67,1.71,1.64,0.84,0.85,3.88,1.67,4.21
10	69061200	69062144	AAAG	CTNNA3	intronic	2.21	HG00284:2.60	0.84,2.60,0.83,0.84,0.87,1.73,0.81,9.24
2	163608752	163610209	AAAAG	KCNH7	intronic	2.17	HG00284:33.74	5.71,27.74,31.75,30.77,26.71,11.65,15.79,6.66,22.54,33.43,23.13,26.73,8.38,11.65,8.51,29.45,26.32,13.15,19.56,33.00,32.83,17.92,23.92,33.74,21.37,13.62,30.05,18.67,16.12,15.98,12.65,14.46,13.82,1.63,12.58,25.58,15.47,2.54,20.37,0.86,9.25,0.84,13.87,4.29,14.08,2.48,25.41,15.70,17.97,23.51,32.46,20.13,7.54,14.83,11.33,25.04,20.18,14.97,24.27,15.93,22.99,24.28,16.84,22.37,2.50,19.62,10.82,0.84,0.82,12.64,3.58,10.43,6.09,3.23,0.81,0.82,18.07,19.93,12.87,9.03,0.83,0.84,0.82,17.84,0.82,1.68,9.94,14.91,8.37,21.31,11.00,10.28,19.23,13.06,10.04,20.95,8.30,9.41,2.57,16.55,10.69,11.10,0.84,9.42,2.53,0.85,6.77,17.11,9.24,0.85,0.82,2.33,0.84,12.48,1.69,11.39,12.74,8.27,1.66
16	58865124	58866211	AAGGAGGG	GOT2(dist=96904),APOOP5(dist=921834)	intergenic	2.12	HG00284:3.46	2.50,0.82,0.80,4.27,3.46,1.66,0.83,0.83,0.94,1.66,2.53,2.58,1.69,0.83
4	13308337	13309114	AAAG	LINC02270(dist=1055428),RAB28(dist=60233)	intergenic	2.05	HG00284:2.60	3.34,1.66,0.83,0.84,2.60,1.71,0.82,3.37
1	154097597	154098711	AAGG	NUP210L	intronic	2.04	HG00284:6.92	0.82,1.63,1.63,1.66,0.83,3.34,3.19,2.51,0.85,0.84,0.82,0.85,2.56,6.92,1.68,0.97,3.40,0.86,3.27,1.65,6.31,1.69,0.85,4.14,0.83,0.80,0.85,0.83,0.85,1.68,1.68,0.94,0.84,0.83,0.84,1.68,0.82,0.84,0.84,2.50,1.63,0.83,1.73,0.82,0.84,1.79,1.74,4.85,3.22,5.70,2.46,0.83,0.83,1.67,0.86,8.37,3.24,0.85,4.17,2.57,1.65,2.52,1.66,5.80,0.84,0.85,1.57,0.86,3.34,0.84,0.87,1.66,0.86,5.79,2.48,0.85,0.82,2.52,0.84,0.84,5.09,1.74,1.69,3.38,2.54,1.64,2.47,4.20,4.19,1.66,0.84,3.42,2.51,6.31,1.63,0.85,0.83,4.16,0.85
4	10136594	10137314	AATCCCAATTGATGGAG	WDR1(dist=18171),ZNF518B(dist=304190)	intergenic	1.93	HG00284:37.20	35.10,31.01,30.94,44.07,11.68,3.33,14.96,15.82,15.03,21.73,16.75,5.85,25.97,7.49,25.53,2.52,8.23,37.81,14.67,16.10,14.77,6.83,5.13,37.20,9.04,24.04,15.02,15.42,12.89,5.05,26.14,24.45,22.12,23.33,26.96,13.42,26.40,44.17,10.16,18.74,16.31,10.92,24.38,33.63,23.81,26.02,4.29,35.62,34.74,18.48,23.12,21.17,23.97,33.60,24.77,8.39,7.54,30.49,3.78,18.14,22.70,5.82,11.71,21.81,36.96,14.24,7.58,34.42,28.28,29.42,11.66,34.50,21.85,22.05,14.32,25.01,17.92,31.28,19.14,29.92,35.44,15.60,24.45,29.31,12.82,36.15,12.46,33.64,12.81,27.30,21.65,14.70,26.80,34.49,22.70,7.66,9.16,28.28,20.98,16.56,16.57,28.47,22.16,12.57,10.28,16.72,9.58,18.41,8.73,9.13,11.13,14.07,26.56,10.76,16.22,10.67,21.82,15.44,29.13,10.02,7.59,28.01,15.70,11.84,16.91,32.77,11.86,17.99,13.19,21.84,14.75,17.58,3.33,28.65,19.65,31.76,14.19,14.64,22.08,4.96,13.58,30.48
5	1768357	1769760	ACCGCACCGCTGG	MIR4277(dist=59374),MRPL36(dist=28739)	intergenic	1.86	HG00284:5.19	1.63,2.49,0.83,0.84,2.39,1.67,2.51,1.66,0.82,1.63,0.80,1.71,5.19,1.64,1.60,1.67,6.49,1.61,1.68,1.94,0.84,1.63,0.85,1.63,0.86,0.84,0.84,0.85,0.86,2.49,3.31,3.39,1.65,1.56,0.85,5.82,1.67,1.72,0.83,1.63,2.50,1.73,1.68,0.82,1.69,2.42,1.74,4.03,2.44,1.64,0.83,0.83,0.83,0.84,1.62,1.70,0.86,0.83,6.63,3.35,1.70,3.93,0.84,0.87,0.84,0.87,1.66,0.86,1.65,0.84,2.57,0.84,1.69,0.85,0.86,0.85,2.45,0.84,3.11,2.51,1.66,0.84,1.58,3.25,1.70,0.83,0.83,1.70,0.85
5	30358281	30359427	AAAG	LOC105374704(dist=476071),CDH6(dist=834366)	intergenic	1.86	HG00284:3.46	0.81,1.66,0.83,0.84,0.80,0.84,1.68,1.66,0.82,0.81,0.85,3.46,0.82,1.67,0.81,0.84,0.83,0.85,0.81,0.84,0.84,0.82,1.68,0.83,2.46,0.84,0.83,0.81,0.82,1.64,0.83,0.85,1.67,0.82,0.84,0.84,0.79,0.86,0.87,0.84,3.32,0.83,0.82,1.74,0.86,0.84,0.84,1.67,1.58,0.81,0.85,0.83
11	70649465	70649852	ATCC	SHANK2	intronic	1.84	HG00284:3.46	0.81,0.83,0.84,0.80,0.84,0.82,1.63,2.41,0.82,0.85,3.46,0.80,0.83,0.81,2.42,0.84,0.97,0.84,0.85,0.82,0.84,0.81,0.79,1.72,0.84,0.84,0.85,1.71,0.85,0.83,0.84,0.84,0.84,0.83,0.84,1.68,0.85,0.84,2.53,1.66,0.83,0.86,0.84,0.82,0.84,0.81,1.79,1.61,0.81,0.85,0.86,0.83,0.84,0.82,0.81,0.82,0.83,0.85,0.79,0.87,0.83,0.86,0.83,0.86,0.86,0.84,1.74,1.64,0.84,0.84,0.84,0.83,0.85,0.85
20	55665315	55665762	ACACACACCTCCGCCC	TFAP2C(dist=450977),BMP7(dist=78047)	intergenic	1.84	HG00284:2.60	0.84,2.60,0.82,1.61,0.84,0.87,0.83,0.84,4.97,1.72,0.85
6	8253958	8255146	AACATACACATATAT	EEF1E1-BLOC1S5(dist=151130),SLC35B3(dist=158154)	intergenic	1.82	HG00284:3.46	1.66,0.83,0.83,0.84,0.84,0.84,0.80,0.85,3.46,0.80,0.81,0.97,1.70,0.84,2.37,0.86,0.84,0.83,1.61,0.83,0.81,0.84,0.86,0.84,0.85,0.86,1.63,3.36,0.87,1.64,0.81,0.86,0.85,0.83,0.86,1.62,0.85,1.71,0.86,0.85,1.69,1.55,0.79,2.44,1.65
X	150240667	150241062	ACATATATACATATATAT	HMGB3(dist=81419),MIR4330(dist=95632)	intergenic	1.74	HG00284:2.60	1.63,0.84,0.82,2.60,0.81,0.85,0.85,0.83,0.84,0.84,0.86,0.81,1.67,0.86,0.82,0.84,0.84,1.70,0.83
1	8128568	8128951	AC	ERRFI1(dist=42199),LINC01714(dist=139781)	intergenic	1.73	HG00284:1.73	1.73,0.85
X	124742346	124742398	AAATATATAT	TEX13C(dist=283283),LOC101928495(dist=501347)	intergenic	1.73	HG00284:1.73	1.73,0.85
18	46298432	46298599	AACTCCCCTACAGCAAT	CTIF	intronic	1.73	HG00284:1.73	1.73,0.83
11	70638021	70638200	ACCC	SHANK2	intronic	1.73	HG00284:1.73	1.73,0.81,0.82
5	24384731	24384801	AT	C5orf17(dist=206357),CDH10(dist=102408)	intergenic	1.73	HG00284:1.73	1.73,0.81
11	116240276	116240277	AC	LINC00900(dist=609358),LINC02702(dist=269862)	intergenic	1.73	HG00284:1.73	1.73
12	132033907	132033958	AT	LINC02370(dist=181807),LINC02414(dist=96505)	intergenic	1.73	HG00284:1.73	1.73
15	80703441	80703442	AGAT	ARNT2	intronic	1.73	HG00284:1.73	1.73
2	26699164	26699165	AAGGGGTGGGGG	OTOF	exonic	1.73	HG00284:1.73	1.73
4	107544789	107544790	AAAT	LINC02173(dist=170185),DKK2(dist=298169)	intergenic	1.73	HG00284:1.73	1.73
4	176091288	176091289	AC	ADAM29(dist=191957),GPM6A(dist=462799)	intergenic	1.73	HG00284:1.73	1.73
8	14080685	14080686	AATGG	SGCZ	intronic	1.73	HG00284:1.73	1.73
8	58476210	58476211	AAGG	LOC101929488(dist=198795),LOC286178(dist=182497)	intergenic	1.73	HG00284:1.73	1.73
9	136666698	136666699	AACGCGCAGCCACCAGAC	VAV2	intronic	1.73	HG00284:1.73	1.73
9	36326724	36326725	AC	GNE(dist=49671),RNF38(dist=9674)	intergenic	1.73	HG00284:1.73	1.73
6	6046860	6047061	AATATATACATATGG	NRN1(dist=39022),F13A1(dist=97250)	intergenic	1.73	HG00284:1.73	0.83,1.73,0.82
1	7962634	7963921	AAGGAGGGG	UTS2(dist=49083),TNFRSF9(dist=12010)	intergenic	1.72	HG00284:7.79	3.26,3.33,0.83,0.83,2.49,0.83,3.34,7.52,3.19,0.84,3.29,0.81,0.80,0.85,0.85,7.79,1.62,1.68,2.90,2.55,5.18,1.68,1.65,2.44,4.07,1.72,0.86,6.63,0.85,6.25,2.43,0.85,2.52,2.51,0.82,0.86,5.04,1.66,2.51,3.35,6.81,2.46,1.68,0.86,0.83,0.86,12.10,1.74,10.51,0.85,4.93,0.83,1.72,1.71,2.46,3.24,4.25,7.50,4.28,1.68,2.48,0.83,3.14,4.35,2.51,2.62,2.49,3.31,3.43,0.82,4.10,3.34,0.85,1.74,1.69,5.07,0.86,4.20,0.85,7.36,0.82,0.84,0.78,0.83,4.07,0.85,5.79,2.55,0.85
2	174602012	174603343	AAATAAGGAAGGAAGGAAGG	CDCA7(dist=368291),SP3(dist=162162)	intergenic	1.72	HG00284:4.33	1.63,0.83,0.84,0.84,0.82,0.80,0.82,4.33,0.80,0.83,1.62,0.97,0.85,0.84,0.83,1.58,1.69,1.63,1.68,2.55,1.71,0.83,0.80,1.68,0.84,2.47,0.94,3.36,3.35,0.84,0.84,2.50,1.63,0.86,3.27,2.53,1.61,0.90,1.64,1.63,0.85,0.82,2.49,0.86,0.82,0.85,0.83,0.86,0.84,0.82,0.85,0.84,0.83,0.84,0.85,2.36,0.87,0.87,0.83,1.71,1.65,0.86,0.83,0.82,0.82,0.84,0.86,4.24,1.69,1.68,0.85,1.65,0.84,3.42,2.44,0.85,0.83,1.66,0.85
6	170380471	170381077	ACCCCATCCCTCCATCC	LINC00574(dist=177502),LOC102724511(dist=94789)	intergenic	1.72	HG00284:2.60	0.84,0.82,2.60,0.86,0.79,0.81,1.65,0.86,0.83,0.84,0.87,0.81,1.64,0.83,0.82,0.83,0.86,1.65,0.82,0.79,0.85
15	31222292	31222466	AAAATATATAATATAT	FAN1	intronic	1.72	HG00284:1.73	0.80,1.73,1.67
8	131734328	131735258	AAAG	ASAP1(dist=278408),ADCY8(dist=57289)	intergenic	1.71	HG00284:1.73	1.73,0.84,0.81,5.74
6	162656504	162657086	AAAG	PRKN	intronic	1.70	HG00284:2.60	0.82,0.83,0.83,0.83,1.68,2.60,0.83,0.81,1.71,1.68,0.86,0.82,0.82,0.83,0.85,0.83,0.85
7	100340524	100340843	AGAGGAGGGAGAGGG	ZAN	intronic	1.69	HG00284:1.73	2.50,1.65,1.73,1.65
22	47076644	47076970	AGGGGGGGGGGGGGGGGGGG	GRAMD4	intronic	1.69	HG00284:1.73	1.73,0.81,0.81,0.84
8	143265730	143266048	AACCAGGCTCCAGT	MIR4472-1(dist=7951),LINC00051(dist=13669)	intergenic	1.67	HG00284:1.73	1.67,1.73,0.82,0.82,0.81
Y	15320059	15320897	AAG	DDX3Y(dist=287669),UTY(dist=39362)	intergenic	1.66	HG00284:3.46	0.82,1.63,1.63,0.83,0.83,0.84,0.80,2.55,1.64,0.81,1.64,1.71,3.46,0.80,0.83,0.81,0.84,3.30,3.24,0.84,0.82,1.72,2.46,0.83,0.84,0.82,1.71,0.84,0.86,0.78,1.58,2.44
17	851444	852006	AGAGGAGGAGGCCGGGGGG	NXN	intronic	1.66	HG00284:3.46	0.82,0.81,1.66,0.83,0.84,0.84,0.81,3.46,1.60,1.67,0.97,0.84,0.81,0.79,0.85,0.83,1.61,0.83,1.89,0.84,0.83,0.86,2.44,0.81,0.82,0.85,0.86,0.86,0.82,1.68,0.79,0.86,0.84,1.66,1.71,2.48,0.83,0.82,0.84,1.69,5.07,0.84,1.69,0.82,0.82,0.84,2.53,0.85,0.79,1.63,0.85,1.66
12	129149534	129150898	AC	TMEM132C	intronic	1.64	HG00284:3.46	0.82,1.66,1.67,1.67,1.67,0.84,1.60,3.34,0.84,1.70,0.82,0.81,1.61,0.85,3.46,0.82,0.80,1.62,0.84,0.85,0.82,1.68,0.83,1.58,0.85,1.72,0.84,0.85,1.66,0.80,0.83,0.85,0.83,0.81,0.84,0.94,0.86,0.83,0.84,0.82,0.84,0.84,0.86,0.82,1.73,1.61,0.90,1.74,0.81,0.82,0.86,0.82,0.81,1.70,1.67,0.86,2.47,0.84,0.85,0.84,0.84,2.62,0.83,0.86,0.83,0.83,0.85,0.82,0.86,0.84,1.69,0.85,2.51,0.85,1.65,0.83
10	110490089	110490543	AGAGGGAGGGAGGGAGGG	LINC01435(dist=661038),XPNPEP1(dist=1133981)	intergenic	1.62	HG00284:3.46	0.82,0.83,0.83,1.67,3.46,0.84,0.82,1.68,0.81,0.85,0.85,2.43,1.89,3.36,0.83,0.84,1.68,0.85,0.84,0.84,0.84,0.82,0.84,0.87,0.81,0.81,1.71,0.82,1.73,0.81,0.83,0.84,1.67,1.67,0.84,1.75,1.71,0.85,1.64,3.43,0.85,1.69,2.54,0.84,0.85,0.83,1.70,1.69
5	25028588	25029161	AAAG	LINC02239(dist=187896),LINC02228(dist=97253)	intergenic	1.61	HG00284:1.73	0.85,1.73,1.64,0.81,0.84
15	85471252	85472333	AAAG	SLC28A1	intronic	1.60	HG00284:6.06	0.82,2.45,0.81,2.49,5.82,1.67,0.80,1.68,1.66,5.05,1.65,0.81,0.85,6.06,4.01,0.84,1.94,0.82,0.84,1.65,0.81,0.79,0.85,0.81,0.86,0.84,3.36,0.84,1.70,0.86,1.66,0.83,2.41,3.30,0.78,0.81,1.68,0.86,0.83,0.83,5.00,4.31,0.84,0.82,0.81,4.48,0.87,2.42,1.64,4.07,1.71,1.64,0.83,0.86,2.46,0.85,2.48,5.83,3.46,1.67,2.46,1.62,0.85,6.63,0.83,0.84,0.87,0.83,3.42,0.85,11.49,0.85,1.69,0.84,1.69,2.51,1.63,1.69
14	77259875	77260028	AGAGGAGGGGAGGGGAGGGG	ANGEL1	intronic	1.57	HG00284:1.73	0.82,1.73,0.84,0.81,0.85,0.87
10	16687437	16688426	ACATATATGTATATAT	RSU1	intronic	1.56	HG00284:6.92	0.83,0.84,4.79,0.84,0.83,0.85,1.68,1.61,6.83,6.92,4.06,2.90,1.69,0.84,2.60,4.14,7.23,3.31,6.25,4.19,3.30,0.84,2.51,7.39,2.51,2.58,0.82,0.83,1.62,8.96,0.81,1.71,6.57,0.83,2.57,4.10,1.71,1.67,0.85,1.65,5.14,3.28,1.71,2.52,0.84,5.52,4.25
13	102813364	102814892	AAG	FGF14	intronic	1.55	HG00284:22.49	12.52,15.82,5.01,0.80,40.21,23.56,18.92,4.27,22.49,15.62,17.53,18.67,2.48,13.03,16.94,27.35,12.97,23.06,20.97,1.68,8.52,13.14,3.35,12.05,0.82,0.82,2.47,0.83,0.85,0.85
9	7194295	7195950	ATCC	KDM4C(dist=18647),DMAC1(dist=600550)	intergenic	1.55	HG00284:12.98	10.61,6.53,4.89,4.16,8.35,9.98,4.99,4.16,9.18,4.18,6.38,1.67,5.86,8.32,9.36,9.26,5.75,6.52,3.22,4.92,17.07,6.83,12.98,3.29,4.01,9.18,1.62,8.06,20.19,7.74,7.59,9.36,5.18,4.09,5.03,4.95,4.89,6.31,2.54,7.33,8.59,6.72,5.89,6.73,3.40,4.34,8.57,4.97,10.75,2.41,9.91,6.77,2.48,4.69,4.86,5.13,5.03,4.19,4.12,5.66,11.23,10.93,2.50,2.51,5.87,5.11,6.57,8.37,8.42,2.58,4.99,6.54,1.67,8.63,4.20,5.72,2.53,4.03,8.07,6.08,6.96,8.09,5.64,3.28,10.59,1.63,10.25,2.46,4.98,3.43,5.74,3.42,3.31,4.16,1.73,4.19,7.39,6.49,5.11,7.50,7.71,4.94,10.07,6.63,7.45,8.37,9.38,9.43,6.00,7.52,7.83,5.02,5.24,7.47,3.42,9.10,11.99,7.45,9.04,6.83,3.28,5.04,10.29,5.14,9.19,6.75,4.24,10.47,5.92,6.77,10.27,6.72,15.25,8.18,7.42,12.60,3.88,5.02,4.16,8.43,11.11,7.52,2.37,5.69,4.25,11.58,11.64,2.55,8.47
12	111694867	111695628	AGGAGGGGGGGGGGGGGGG	CUX2	intronic	1.52	HG00284:1.73	0.82,1.73,0.85,0.82,0.85,0.84
16	83478442	83479068	AAAACCTTTTATAAATTAT	CDH13	intronic	1.49	HG00284:1.73	0.83,0.83,0.82,1.73,0.83,1.65,0.84
18	2613990	2615200	AAAG	NDC80	intronic	1.47	HG00284:9.52	0.82,10.69,9.52,11.33,10.81,15.90,0.85,8.09,17.37,0.82,0.84,2.49,4.23
15	77332719	77333197	AGAGAGAGAGGGAGGGGGG	TSPAN3(dist=548)	downstream	1.44	HG00284:6.06	2.45,1.63,7.33,2.49,3.34,0.83,4.99,4.16,5.01,2.51,1.60,1.67,5.03,1.70,3.37,2.47,1.63,0.80,1.64,1.71,2.56,6.06,3.29,2.50,0.81,5.05,3.40,3.15,1.69,1.68,3.40,3.43,4.14,1.65,3.30,3.31,1.56,4.05,1.71,0.84,4.12,1.68,0.83,6.71,7.39,2.51,0.84,3.44,1.73,2.52,3.27,4.04,4.32,1.67,2.43,1.68
1	11046968	11047762	AAAG	C1orf127(dist=4874),TARDBP(dist=24917)	intergenic	1.44	HG00284:2.60	0.82,0.83,0.84,0.84,0.84,1.61,2.60,0.97,0.84,0.84,1.71,0.85,0.83,0.81,0.85,0.84,0.84,0.87,0.81,3.35,0.85,0.87,0.86,0.86,1.64,1.69,0.85,0.85,0.83,1.70,0.85
9	85977510	85978323	AAGGAAGGAGGGAGGG	FRMD3	intronic	1.43	HG00284:2.60	0.82,0.83,0.83,2.50,1.67,0.80,1.68,0.82,0.80,0.85,2.60,0.83,0.81,0.86,0.84,1.73,0.80,0.78,0.84,0.84,0.86,0.84,0.82,0.81,1.63,0.85,0.86,0.85,0.84,1.70,0.79,0.87,0.83,0.83,0.83,0.85,0.84,0.87,0.82,0.83,0.85
16	83478498	83479099	AAAAGCTTTTATAAATTAT	CDH13	intronic	1.43	HG00284:1.73	3.34,0.84,1.65,1.73,3.30,0.85,0.85
8	2047416	2048426	AAAGAAGGAAGGAAGGAAGG	MYOM2	intronic	1.42	HG00284:3.46	0.82,1.63,2.49,1.67,1.60,0.84,0.84,0.80,0.82,5.13,3.46,0.81,0.85,0.82,0.79,0.81,0.86,0.84,1.73,0.83,0.80,1.73,2.55,1.72,0.82,0.82,0.81,1.63,1.63,2.57,1.71,0.83,1.67,0.83,0.86,0.83,0.79,0.87,5.86,1.75,0.83,0.86,1.65,0.82,0.86,0.84,0.85,0.86,0.84,1.68,0.78,4.19,1.69,1.58,0.83,1.69
12	120357750	120358260	AGAGGC	CIT(dist=42626),BICDL1(dist=68780)	intergenic	1.38	HG00284:8.65	10.61,6.66,6.66,3.34,5.01,2.39,4.19,1.65,2.46,5.98,8.65,1.64,5.61,6.68,9.74,3.22,0.86,1.68,8.96,5.15,5.04,6.43,4.95,6.77,10.25,5.03,5.86,1.65,4.32,5.88,4.99,7.74,5.72,6.45,6.96,1.63,4.27,13.13,2.56,2.48,4.93,4.86
6	6537797	6538314	AAGAGGGG	LY86-AS1	ncRNA_intronic	1.38	HG00284:2.60	0.81,0.83,0.81,2.60,0.83,0.86,1.66,0.84,1.67,0.83,1.61,0.83,0.83,1.71,0.82,1.71,3.11,0.83,0.83,2.49
X	2691016	2692317	AAGGAAGGAAGGAGGG	XGY2	ncRNA_intronic	1.35	HG00284:8.65	5.71,1.63,0.81,3.33,0.83,4.99,0.83,3.33,7.51,0.84,7.18,5.85,5.03,1.66,3.40,2.52,1.65,2.47,0.81,2.41,4.92,1.71,3.42,8.65,5.75,4.01,2.50,1.62,4.84,3.36,4.84,4.22,2.55,5.18,3.27,3.35,4.13,1.63,3.15,5.08,2.44,1.72,4.20,3.36,4.20,4.25,0.87,2.57,8.28,4.96,1.61,5.93,5.79,0.78,2.43,0.85,5.03,3.35,3.30,6.61,1.73,0.83,2.51,1.68,4.26,0.82,4.19,0.86,4.16,4.09,6.66,3.45,1.68,1.63,2.53,3.23,3.58,6.08,3.48,10.51,4.03,3.28,4.89,4.89,7.69,0.82,4.15,4.29,3.28,2.56,6.62,4.16,1.73,5.02,1.64,4.86,7.66,1.67,3.43,5.87,1.66,3.31,3.35,5.11,6.29,4.29,7.52,0.84,0.87,3.32,2.57,1.65,0.86,4.14,4.93,5.12,0.82,0.84,1.72,3.43,3.34,1.69,1.70,4.36,3.38,3.38,17.11,6.72,5.08,0.82,6.60,2.52,7.76,2.51,3.33,4.21,2.56,3.34,2.37,2.55,3.31,0.83,1.70,3.39
14	89790927	89792254	ACC	FOXN3	intronic	1.34	HG00284:4.33	0.82,0.82,1.63,2.49,5.82,1.66,0.83,2.39,0.84,0.84,0.85,1.65,0.82,3.26,0.80,0.82,1.71,3.42,4.33,0.83,1.68,0.97,0.84,1.70,0.86,0.82,3.26,0.85,2.44,0.86,2.52,0.84,1.68,1.70,3.47,2.57,1.66,0.83,1.61,0.85,0.83,0.78,0.82,0.94,0.84,0.83,2.51,0.85,2.53,0.82,3.33,0.86,0.84,0.81,0.90,0.87,0.87,1.62,2.42,0.81,1.63,0.82,1.66,2.57,1.64,0.85,0.83,0.83,1.73,1.67,0.82,0.81,0.83,1.68,1.66,0.84,0.86,1.75,3.42,1.71,0.85,1.64,0.84,0.86,2.51,0.84,0.85,0.85,0.86,0.85,2.47,0.78,1.67,1.69,1.63,2.48,0.85
5	65181343	65181572	AGAGAGGG	NLN(dist=56232),ERBIN(dist=40810)	intergenic	1.34	HG00284:1.73	0.84,1.73,0.83,0.83,0.80,0.87,0.81,0.79
10	134536336	134537656	AATCCCCACACGGCC	INPP5A	intronic	1.32	HG00284:6.92	1.63,0.82,0.81,0.83,6.66,1.66,1.67,0.83,0.84,3.99,0.84,1.68,0.83,0.85,1.68,1.65,1.63,0.80,0.82,2.56,2.56,6.92,1.64,0.80,2.50,1.61,3.36,2.90,2.53,1.70,3.46,1.63,0.81,0.79,2.54,0.81,1.72,0.84,1.68,2.57,2.49,0.83,0.80,1.65,0.85,1.65,1.56,0.81,0.85,2.52,4.19,1.89,1.73,1.68,1.67,1.68,0.82,0.84,0.86,3.33,0.82,1.67,2.59,1.68,4.90,1.69,3.23,5.38,1.74,1.74,1.62,2.42,1.64,0.81,0.81,3.42,4.11,1.66,0.86,4.92,1.71,0.83,3.33,1.73,0.84,0.82,1.62,0.85,6.66,6.00,1.65,2.48,4.19,2.56,2.36,6.00,2.51,6.09,2.51,4.36,2.49,3.42,1.65,0.86,2.48,3.29,2.56,3.28,0.84,1.72,2.57,5.01,1.69,3.40,1.74,4.23,3.42,8.40,0.82,0.82,0.78,0.84,2.50,1.69,0.85,1.67,7.10,3.25,5.10,2.48,2.55,0.85
12	104298669	104298863	AAGGAGGGAGGGAGGGAGGG	TTC41P	ncRNA_intronic	1.31	HG00284:1.73	1.73,0.85,0.86,0.83,0.81,0.82,0.86,0.78
16	54473464	54474790	AAG	LINC02140(dist=68853),LOC101927480(dist=406372)	intergenic	1.29	HG00284:6.92	3.27,4.90,5.70,2.49,1.67,3.33,0.83,2.50,2.50,1.67,0.80,0.84,1.70,4.11,2.47,0.81,2.41,0.82,2.56,5.13,6.92,3.29,0.80,0.83,0.81,0.84,4.84,4.22,6.80,0.86,3.27,6.71,1.65,4.89,0.79,1.69,0.81,6.01,0.84,1.68,0.84,1.70,3.47,1.71,3.31,3.31,0.83,2.54,0.78,0.85,1.68,2.47,0.94,3.45,4.20,4.16,0.84,0.85,2.46,3.35,1.68,0.86,2.50,0.82,3.33,3.45,2.52,4.08,1.69,5.65,1.79,1.74,6.09,4.04,4.03,1.64,0.81,2.44,1.71,3.29,0.83,3.43,2.46,2.56,0.83,7.78,1.67,0.81,0.85,2.50,0.86,0.82,1.68,5.80,2.48,1.67,2.56,0.79,0.84,0.87,0.84,0.87,4.28,0.86,2.48,2.47,5.12,3.28,5.88,2.57,4.28,0.84,1.69,1.70,1.74,0.85,4.23,1.71,0.85,1.64,0.82,1.68,1.55,1.67,2.50,1.69,2.56,5.01,2.37,3.25,1.70,0.83,0.83,0.85,2.54
7	158441041	158442123	AAATGGACTATAACCACGCC	NCAPG2	intronic	1.28	HG00284:6.92	0.82,4.08,3.26,3.33,2.50,1.66,0.83,0.83,0.83,0.84,1.60,0.84,5.03,1.66,1.70,5.89,3.29,2.47,8.15,1.61,3.28,5.12,6.92,1.64,2.40,7.51,0.81,0.81,2.52,2.90,2.53,7.78,2.45,1.68,0.83,1.58,1.69,0.86,0.84,5.95,2.57,0.83,0.80,3.91,0.81,1.71,1.68,1.68,4.12,0.94,5.04,3.33,5.02,1.68,3.35,6.74,0.86,2.50,4.90,1.68,1.63,1.61,2.61,1.74,1.71,4.92,4.14,3.35,0.82,4.05,0.85,0.86,2.48,2.57,0.84,3.48,0.84,1.66,5.14,2.48,2.48,2.47,0.82,3.43,2.53,0.85,1.74,0.85,0.85,2.57,7.63,2.50,2.53,1.71,0.81,0.85,0.85,1.69
21	22360349	22361209	AAAG	LINC00320(dist=184923),NCAM2(dist=9518)	intergenic	1.28	HG00284:2.60	0.81,0.84,0.84,2.50,0.81,0.85,2.60,0.83,2.49,0.84,2.61,2.48,0.82,0.85,0.79,0.86,0.85,2.54,0.86,0.82,1.70,0.85
7	4445091	4445206	AGG	SDK1(dist=136460),FOXK1(dist=276720)	intergenic	1.28	HG00284:1.73	1.73,0.83,0.86,0.84,0.83,0.86,0.82,0.84
16	33866066	33866649	AATGGAATGGAGTGG	ENPP7P13(dist=279324),MIR9901(dist=99396)	intergenic	1.28	HG00284:1.73	1.73,0.83,0.82,0.81,0.84,0.79,0.82,0.83
5	132961745	132962408	AATATATACATATGG	FSTL4(dist=13513),WSPAR(dist=286960)	intergenic	1.23	HG00284:4.33	4.16,15.62,4.27,4.33,6.88,15.81,11.43
8	144486822	144487932	ACACCTGGCATCAGGCCGG	RHPN1(dist=20431),MAFA-AS1(dist=11917)	intergenic	1.23	HG00284:2.60	0.82,0.83,0.83,0.80,0.85,0.84,0.82,1.61,0.82,0.85,2.60,0.82,0.80,0.81,0.85,0.84,1.63,0.86,1.68,1.70,1.65,0.78,0.85,0.84,0.86,0.85,0.84,0.84,0.87,0.81,0.81,0.82,0.85,0.83,0.86,0.81,0.85,0.83,0.82,2.52,1.66,0.86,0.87,0.84,0.83,0.84,0.87,0.85,0.84,0.82,1.69,0.85,0.84,0.83
1	201226537	201227143	ACTCCATCACTCCATCTC	IGFN1(dist=28457),PKP1(dist=25437)	intergenic	1.22	HG00284:2.60	0.83,1.60,0.82,0.85,2.60,1.67,0.84,2.52,0.84,0.84,1.71,0.83,0.85,0.78,0.84,0.86,0.81,0.83,0.86,0.83,0.85,1.57,0.86,1.67,0.83,0.82,2.53,0.85,1.68,0.82,0.83,1.66
X	16848395	16849404	AC	TXLNG	intronic	1.21	HG00284:2.60	2.60,1.64,2.52,0.84,3.26,2.54,0.84,0.85,1.73,1.65,0.84,1.72,0.84,1.70
14	84863876	84865234	AG	LINC02301(dist=1690707),SNORD3P3(dist=873042)	intergenic	1.19	HG00284:9.52	2.45,0.82,2.44,2.49,3.34,4.99,9.14,1.67,7.51,1.67,5.58,6.68,3.35,6.66,11.06,6.73,4.11,1.64,4.07,4.83,2.46,1.71,3.42,9.52,4.11,3.20,9.18,2.43,3.22,3.36,5.81,7.59,3.40,1.73,6.54,1.68,0.83,5.70,2.37,2.54,3.26,1.72,3.36,0.84,1.68,4.25,4.34,3.43,1.66,4.96,4.02,4.13,0.85,3.31,3.91,4.86,2.56,3.36,0.84,3.30,6.61,3.45,1.68,4.16,10.04,3.35,3.41,3.29,1.67,2.53,4.30,3.33,7.36,1.67,1.68,3.27,0.84,4.84,7.17,0.87,5.22,0.81,4.03,1.64,1.63,2.44,4.27,2.46,8.30,4.29,3.28,2.56,3.31,3.33,3.46,3.35,2.46,5.68,5.11,3.33,2.57,4.12,3.36,3.31,1.66,7.54,1.70,0.79,4.29,2.51,3.35,0.87,3.32,4.28,9.93,5.14,3.31,3.29,6.83,0.82,4.20,5.15,6.00,2.51,4.22,8.49,3.49,9.31,4.23,2.57,3.36,4.24,4.91,1.65,1.68,2.33,1.67,0.84,6.84,3.34,2.37,2.44,5.10,4.16,4.24,1.69
7	158780411	158781755	ATCC	WDR60(dist=41528),LINC00689(dist=19290)	intergenic	1.16	HG00284:6.92	0.82,0.82,3.26,4.99,4.17,3.33,3.32,2.50,1.67,3.34,2.39,3.34,1.68,1.66,5.96,1.68,4.11,0.82,1.61,1.64,2.56,1.71,6.92,4.11,2.40,4.17,6.49,1.61,1.68,0.97,1.69,4.25,6.54,2.52,3.30,2.54,4.89,1.72,4.20,2.52,5.04,3.40,2.57,3.31,3.31,4.02,2.48,4.23,2.48,3.13,1.62,5.98,2.52,2.51,4.94,5.66,2.59,6.73,2.50,1.67,2.52,2.55,1.64,3.35,0.84,2.58,4.16,2.45,4.16,2.59,1.68,1.63,3.37,1.61,2.69,1.74,3.48,1.62,3.22,2.46,5.70,4.07,0.85,2.46,4.15,2.57,4.10,9.39,3.31,3.33,2.59,5.02,3.29,4.05,5.11,3.33,0.82,1.68,2.48,4.14,2.51,4.26,2.36,4.29,0.84,3.48,2.51,3.49,2.49,3.42,3.31,2.57,2.48,3.29,2.56,3.28,3.36,2.57,1.71,5.85,4.22,2.55,1.74,1.69,5.07,2.57,3.36,3.39,0.82,0.82,5.88,3.11,2.51,2.50,0.84,4.27,4.18,1.58,0.81,1.70,4.14,3.33,0.85,1.69
3	128305255	128306747	AAAGG	LINC01565(dist=10326),RPN1(dist=32065)	intergenic	1.15	HG00284:51.91	13.06,18.77,58.62,14.13,1.67,0.83,32.70,39.26,40.21,39.94,17.02,10.10,53.46,11.49,11.95,19.65,51.91,45.21,19.23,20.03,34.90,42.71,42.05,13.55,26.14,47.51,44.94,23.48,25.58,25.41,26.89,1.72,13.44,24.38,1.70,0.87,28.99,0.83,16.09,23.14,26.75,28.02,19.00,24.38,21.63,11.71,20.13,27.92,43.55,0.86,18.80,17.49,20.17,21.91,62.56,21.02,33.41,15.38,14.95,25.44,31.60,24.98,20.75,33.50,15.60,17.87,22.25,14.08,23.19,21.77,27.28,65.23,16.54,23.57,13.69,14.56,19.03,19.73,24.63,16.79,10.29,22.28,12.66,39.90,52.35,38.90,41.53,27.45,17.55,63.07,17.08,16.99,8.27,15.24
10	102410046	102411968	ACCACCTCCACCACTCCC	HIF1AN(dist=90294),PAX2(dist=83185)	intergenic	1.15	HG00284:16.44	10.61,8.14,4.16,8.35,8.32,7.48,7.49,7.51,16.72,3.19,5.85,5.86,2.50,7.66,1.68,7.40,1.64,10.59,8.85,12.31,5.97,10.25,16.44,9.04,3.20,5.84,3.25,12.89,7.57,9.68,12.65,5.95,15.55,10.62,9.22,4.95,8.14,16.56,5.08,8.15,9.44,10.08,10.93,10.09,7.65,6.07,5.14,17.40,14.89,9.64,7.43,2.54,7.44,4.69,2.43,2.56,10.07,7.54,1.65,3.78,3.45,2.52,7.49,8.37,6.71,14.48,12.32,12.56,16.00,7.74,11.65,17.16,2.50,4.31,15.12,8.17,10.95,8.07,1.79,13.03,6.09,9.70,6.44,13.14,4.89,11.40,4.27,4.93,10.80,5.15,5.74,13.66,14.06,2.50,6.92,12.56,7.39,12.16,8.51,5.00,0.86,4.94,10.07,7.45,10.77,5.02,4.26,7.07,6.86,9.20,9.58,10.04,5.24,4.98,7.70,3.31,8.57,3.31,10.69,4.27,10.67,9.23,6.00,6.85,5.01,11.81,6.79,7.85,10.15,16.91,5.13,4.20,7.63,7.36,4.95,4.20,5.43,5.86,9.15,9.27,11.96,10.87,4.73,5.69,11.04,6.62,5.82,13.58,6.77
10	8065881	8067226	AAAG	TAF3(dist=7287),GATA3-AS1(dist=25187)	intergenic	1.15	HG00284:4.33	4.33,0.81,6.73,8.57,7.26,3.30,3.35,9.58,2.52,4.20
13	113311178	113312366	AAGGAGGCCCCATCAGG	ATP11AUN	intronic	1.14	HG00284:4.33	1.63,2.44,4.99,1.68,0.82,1.71,4.33,6.58,0.83,0.81,0.81,1.68,3.87,2.59,0.84,0.81,0.84,0.87,0.83,0.80,0.83,0.84,1.89,0.86,0.84,0.83,0.84,0.84,1.68,2.50,1.68,0.84,3.23,0.90,3.48,1.74,1.62,0.82,1.63,0.81,0.85,0.86,1.64,1.65,5.02,1.70,0.84,1.66,0.84,0.85,3.14,1.71,0.85,0.82,0.84,0.84,4.18,0.81,1.69
1	24393168	24394357	AAAG	MYOM3	exonic	1.14	HG00284:2.60	0.83,1.66,3.35,2.60,2.47,0.81,0.81,0.86,0.83,0.83,0.85,0.81,0.94,0.86,0.84,1.70,3.35,0.81,0.87,0.81,0.86,0.83,1.67,3.24,0.85,1.74,0.83
1	24411063	24412191	ATCC	MYOM3	exonic	1.13	HG00284:5.19	2.44,1.66,4.16,0.83,5.00,0.83,3.34,2.39,1.67,1.68,3.33,3.40,0.84,0.82,2.47,0.81,1.61,3.41,3.42,5.19,1.64,2.40,0.81,0.84,0.97,3.37,2.55,0.86,0.82,0.83,1.63,2.37,0.81,1.72,3.36,2.52,0.84,2.60,0.86,0.83,2.48,1.61,4.13,2.54,0.85,0.84,0.82,1.89,3.45,1.68,3.33,1.67,0.84,1.70,0.82,2.51,0.84,0.86,2.50,0.82,3.33,1.73,0.82,0.84,1.61,2.69,0.87,1.62,0.81,0.82,1.63,0.85,0.82,0.86,1.64,3.33,0.86,1.67,2.46,1.62,0.85,4.17,1.71,2.47,3.36,2.48,5.86,0.85,1.57,3.43,2.51,0.87,1.67,2.62,2.49,0.86,0.86,1.65,1.64,4.27,0.84,4.29,4.28,0.84,3.38,1.70,1.74,0.85,0.85,1.71,0.84,4.24,0.82,0.82,1.68,0.83,3.42,1.65,2.49,1.69
4	74539614	74540300	ACACGTATATATAT	RASSF6(dist=53266),CXCL8(dist=65986)	intergenic	1.12	HG00284:2.60	2.60,0.83,1.72,1.68,3.35,3.14,0.87,2.48,1.64,1.74,5.86,7.69
11	68434484	68435038	ACCCTCGTCTCCCCCTC	PPP6R3(dist=51683),GAL(dist=16974)	intergenic	1.12	HG00284:1.73	0.84,1.73,0.84,1.63,0.86,0.84,1.67,0.81,2.51
1	53601735	53602607	AAACATATATAATATAT	SLC1A7	intronic	1.10	HG00284:1.73	1.73,4.13,0.94,0.86,3.23,7.25,2.44,0.84,0.84
7	67493849	67494173	AAGG	LOC102723427	ncRNA_intronic	1.09	HG00284:1.73	0.83,0.84,0.85,1.73,0.85,0.78,0.84,0.83,0.81,0.84,0.81
5	61893537	61894891	AAAG	IPO11-LRRC70	ncRNA_intronic	1.08	HG00284:14.71	10.82,14.71,8.86,17.66,16.16,0.87,1.56,16.23,13.44,4.04,14.99,8.37,14.07,11.72,12.64
10	129226412	129228079	AATCCACACGGCACCCC	DOCK1	intronic	1.08	HG00284:3.46	0.82,1.63,0.81,1.66,0.83,0.84,0.85,0.84,0.81,0.80,1.64,2.56,3.46,1.64,0.83,3.37,0.85,0.82,1.68,2.48,1.63,0.85,0.81,1.68,1.70,0.83,4.23,0.85,1.68,0.94,0.84,0.85,0.84,1.72,2.50,0.81,1.74,3.22,1.63,1.64,0.83,0.83,5.02,0.81,0.84,0.83,0.87,0.86,0.82,0.85,2.52,1.69,2.33,0.84,0.81
1	6085214	6086609	ACACAGCCGATCCCGGC	KCNAB2(NM_003636:c.-14236_-14124delins0,NM_172130:c.-14236_-14124delins0)	UTR5	1.05	HG00284:6.92	0.82,1.63,2.44,3.34,0.80,0.84,1.70,0.84,1.65,1.64,2.44,0.85,0.85,6.92,0.82,3.20,2.42,0.84,3.40,2.45,1.68,1.65,3.39,1.63,3.43,4.20,4.20,1.68,4.25,4.29,0.83,4.14,0.83,7.62,1.65,2.34,5.13,1.65,1.89,0.86,1.68,9.20,1.68,0.85,6.70,1.72,1.66,0.82,4.16,6.04,4.90,1.69,4.84,2.69,3.48,1.74,6.47,1.64,4.07,0.81,5.13,4.11,0.86,1.64,2.56,3.33,6.05,4.19,0.82,0.81,4.25,1.67,0.82,1.68,3.31,4.26,0.79,1.71,0.84,0.84,1.66,0.86,6.62,0.86,2.56,0.84,0.86,0.85,3.49,1.69,1.71,1.68,1.69,3.27,4.12,3.88,2.51,1.71,9.46,5.69,2.49,2.54
16	71364817	71365505	AT	CMTR2(dist=41192),CALB2(dist=27111)	intergenic	1.03	HG00284:1.73	0.82,1.73,0.81,0.90,0.81,0.84,1.70,1.68,0.83,1.64,0.81
18	62212149	62213052	AGGATATATATAT	LINC01924(dist=121322),CDH7(dist=1204436)	intergenic	1.00	HG00284:1.73	0.84,0.82,1.73,0.82,0.81,0.84,1.69,0.84,0.82,0.82,0.84,0.87
