Gene	PMID_Source	Chrom_(GRCh37)	Start_(0-based)_(GRCh37)	End_(1-based)_(GRCh37)	Repeat_Motif	Pathogenic_Lower_Bound
AR	29398703	X	66765158	66765228	GCA	38
ARX	29946432	X	25031766	25031814	GCG	20
ATN1	29398703	12	7045879	7045936	CAG	48
ATXN1	29398703	6	16327866	16327953	CTG	39
ATXN2	29398703	12	112036754	112036823	CTG	33
ATXN7	29398703	3	63898361	63898391	CAG	37
CACNA1A	29398703	19	13318672	13318711	CTG	20
COMP	9887340	19	18896844	18896859	GTC	6
DMPK	29398703	19	46273462	46273522	CAG	50
FOXL2	12529855	3	138664862	138664904	NGC	22
HOXA13	10839976	7	27239444	27239480	NGC	18
HOXD3	20974300	2	176957786	176957831	GCN	22
HTT	29398703	4	3076603	3076660	CAG	36
JPH3	29398703	16	87637893	87637934	GCT	41
PABPN1	9462747	14	23790681	23790711	GCN	11
PPP2R2B	29398703	5	146258290	146258320	GCT	43
RUNX2	9182765	6	45390487	45390538	GCN	27
SOX3	12428212	X	139586481	139586526	NGC	26
TBP	29398703	6	170870995	170871109	CAN	43
TCF4	28832669	18	53253386	53253458	CAG	40
ZIC2	11285244	13	100637702	100637747	GCN	25
