Gene	PMID||Source	Chrom	Start (0-based)	End (1-based)	Repeat Motif	Pathogenic Lower Bound
AFF2	30503517	chrX	148500631	148500691	GCC	200
AFF3	24763282	chr2	100104799	100104824	CGG	300
AR	29398703	chrX	67545316	67545385	CAG	38
ARX	29946432	chrX	25013654	25013698	GCG	20
ATN1	29398703	chr12	6936716	6936773	CAG	48
ATXN1	29398703	chr6	16327633	16327723	CAG	39
ATXN10	29398703	chr22	45795354	45795424	ATTCT	280
ATXN2	29398703	chr12	111598949	111599018	CAG	33
ATXN3	29398703	chr14	92071009	92071042	CAG	55
ATXN7	29398703	chr3	63912684	63912714	CAG	37
ATXN8	29398703	chr13	70139383	70139428	CTG	80
C11orf80	18160775	chr11	66744822	66744849	CGG	500
C9ORF72	29398703	chr9	27573528	27573546	GGGGCC	30
CACNA1A	29398703	chr19	13207858	13207897	CAG	20
CBL	EH-repo	chr11	119206289	119206322	CGG	500
CNBP	29398703	chr3	129172576	129172656	CAGG	50
COMP	9887340	chr19	18786029	18786049	GAC	6
CSTB	EH-repo	chr21	43776443	43776479	CGCGGGGCGGGG	40
DIP2B	EH-repo	chr12	50505001	50505022	GGC	500
DMPK	29398703	chr19	45770204	45770264	CTG	50
FMR1	29398703	chrX	147912050	147912110	CGG	200
FOXL2	12529855	chr3	138946021	138946062	GCN	22
FRA10AC1	15203205	chr10	93702523	93702548	CGG	200
FXN	29398703	chr9	69037286	69037304	GAA	66
GLS	30970188	chr2	190880872	190880920	GCA	650
HOXA13	10839976	chr7	27199826	27199861	GCN	18
HOXD13	20974300	chr2	176093059	176093103	GCN	22
HTT	29398703	chr4	3074876	3074933	CAG	36
JPH3	29398703	chr16	87604287	87604329	CTG.CAG	41
LOC642361 / NUTM2B-AS1	31332380	chr10	79826385	79826404	CGG	90
LRP12	31332380	chr8	104588973	104588999	GGC	90
NOP56	30503517	chr20	2652733	2652757	GGCCTG	1500
NOTCH2NLC / NBPF19	31332381	chr1	146228800	146228821	GGC	90
PAPBN1	9462747	chr14	23321473	23321502	GCN	11
PHOX2B	EH-repo	chr4	41745972	41746032	GCN	500
PPP2R2B	29398703	chr5	146878727	146878757	CAG	43
RUNX2	9182765	chr6	45422751	45422801	GCN	27
SOX3	12428212	chrX	140504317	140504361	GCN	26
TBP	29398703	chr6	170561906	170562017	CAG	43
TCF4	28832669	chr18	55586155	55586227	CAG	40
TMEM185A	7874164	chrX	149631764	149631781	GCC	300
XYLT1	30554721	chr16	17470907	17470922	GCC	500
ZIC2	11285244	chr13	99985449	99985493	GCN	25
ZNF713	25196122	chr7	55887601	55887639	CGG	85
Non Reference						
BEAN1	19878914	chr16	66490399	66490466	(TGGAA)exp (TAGAA)n (TAAAA TAGAA)n	500
DAB1	28686858	chr1	57367044	57367118	(ATTTT)n (ATTTC)exp (ATTTT)n	31
RAPGEF2	29507423	chr4	159342527	159342616	(TTTTA)exp (TTTCA)exp (TTTTA)12	
RFC1	30926972	chr4	39348425	39348479	AAGGG	400
SAMD12_a	29507423	chr8	118366816	118366918	(TTTTA)exp (TTTCA)ins	598,458
SAMD12_b	29507423	chr8	118366816	118366918	(TTTTA)exp (TTTCA)ins (TTTTA)exp	2221,225,81
TAF1	29229810	chrX	71440563	71440564	CCCTCT 	35
TNRC6A	29507423	chr16	24613440	24613529	(TTTTA)22 (TTTCA)ins (TTTTA)exp	
YEATS2	31539032	chr3	183712188	183712222	(TTTTA)exp (TTTCA)ins	800,192
