#Gene	chrom	start	end	Pathogenic_Lower_Bound	Motif	Size	STRetch_Size	STRetch_Rank	STRetch_padj	EHdn_Motif_Z-score	EHdn_Motif_Rank	EHdn_Locus_Z-score	EHdn_Locus_Rank
AFF2	X	147582151	147582211	200	GCC	200	165.800	1	1.9e-34	12.620	4	50.380	4
AFF2	X	147582151	147582211	200	GCC	210	165.800	1	1.9e-34	20.110	2	52.520	3
AFF2	X	147582151	147582211	200	GCC	220	145.500	1	7.8e-31	22.400	3	41.800	4
AFF2	X	147582151	147582211	200	GCC	250	130.400	1	9.4e-28	16.950	3	34.300	5
AFF2	X	147582151	147582211	200	GCC	300	155.600	1	1.1e-32	21.270	3	42.860	4
AFF2	X	147582151	147582211	200	GCC	1200	127.900	1	3.4e-27	141.300	1	34.290	6
AFF3	2	100721261	100721286	300	CGG	300	126.700	1	6.5e-30	24.490	2	35.350	5
AFF3	2	100721261	100721286	300	CGG	310	124.200	1	1.5e-29	21.220	3	26.800	6
AFF3	2	100721261	100721286	300	CGG	320	119.100	1	8.4e-29	14.850	3	33.200	6
AFF3	2	100721261	100721286	300	CGG	350	134.400	1	5.6e-31	20.160	3	33.180	6
AFF3	2	100721261	100721286	300	CGG	400	114.000	1	5e-28	34.050	2	34.300	5
AFF3	2	100721261	100721286	300	CGG	1300	126.700	1	6.5e-30	115.560	1	37.500	6
AR	X	66765158	66765227	38	CAG	38	0.000	0	.	0.000	0	0.000	0
AR	X	66765158	66765227	38	CAG	48	0.000	0	.	0.000	0	0.000	0
AR	X	66765158	66765227	38	CAG	58	0.000	0	.	0.000	0	0.000	0
AR	X	66765158	66765227	38	CAG	88	0.000	0	.	0.000	0	0.000	0
AR	X	66765158	66765227	38	CAG	138	0.000	0	.	0.000	0	0.000	0
AR	X	66765158	66765227	38	CAG	1038	0.000	0	.	0.000	0	0.000	0
ARX	X	25031771	25031815	20	GCG	20	33.200	10	1.4e-12	0.000	0	0.000	0
ARX	X	25031771	25031815	20	GCG	30	62.400	1	9.8e-28	0.000	0	0.000	0
ARX	X	25031771	25031815	20	GCG	40	42.800	5	1.1e-18	0.000	0	0.000	0
ARX	X	25031771	25031815	20	GCG	70	107.400	1	1.5e-42	0.000	0	12.860	24
ARX	X	25031771	25031815	20	GCG	120	109.900	1	3.4e-43	0.000	0	23.580	7
ARX	X	25031771	25031815	20	GCG	1020	112.400	1	7.6e-44	109.160	1	34.300	7
ATN1	12	7045879	7045936	48	CAG	48	57.600	3	9.8e-24	0.000	0	9.650	33
ATN1	12	7045879	7045936	48	CAG	58	69.900	1	9.3e-29	0.000	0	17.150	15
ATN1	12	7045879	7045936	48	CAG	68	57.600	3	9.8e-24	0.000	0	11.790	26
ATN1	12	7045879	7045936	48	CAG	98	87.300	1	3.9e-35	0.000	0	22.510	8
ATN1	12	7045879	7045936	48	CAG	148	112.400	1	1.5e-42	3.310	13	36.440	4
ATN1	12	7045879	7045936	48	CAG	1048	135.200	1	4.5e-48	137.250	1	45.020	4
ATXN1	6	16327864	16327954	39	CAG	39	90.400	1	1.1e-31	0.000	0	0.000	0
ATXN1	6	16327864	16327954	39	CAG	49	85.400	1	6.8e-30	0.000	0	3.220	127
ATXN1	6	16327864	16327954	39	CAG	59	90.400	1	1.1e-31	0.000	0	5.360	76
ATXN1	6	16327864	16327954	39	CAG	89	105.400	1	1.5e-36	0.000	0	16.080	19
ATXN1	6	16327864	16327954	39	CAG	139	158.500	1	1.6e-49	3.530	11	38.590	6
ATXN1	6	16327864	16327954	39	CAG	1039	148.300	1	2.1e-47	80.600	1	34.300	6
ATXN10	22	46191234	46191304	280	ATTCT	280	41.100	1	1.1e-26	0.000	0	11.790	26
ATXN10	22	46191234	46191304	280	ATTCT	290	41.100	1	1.1e-26	0.000	0	9.650	33
ATXN10	22	46191234	46191304	280	ATTCT	300	50.100	1	1.5e-32	0.000	0	8.570	40
ATXN10	22	46191234	46191304	280	ATTCT	330	33.800	5	1.9e-21	1.760	23	0.000	0
ATXN10	22	46191234	46191304	280	ATTCT	380	44.100	1	9.3e-29	1.520	24	7.500	43
ATXN10	22	46191234	46191304	280	ATTCT	1280	45.600	1	9.5e-30	8.930	7	8.570	40
ATXN2	12	112036753	112036822	33	CAG	33	56.300	5	1.9e-21	0.000	0	0.000	0
ATXN2	12	112036753	112036822	33	CAG	43	78.400	1	1e-30	0.000	0	0.000	0
ATXN2	12	112036753	112036822	33	CAG	53	90.900	1	3.9e-35	0.000	0	7.500	41
ATXN2	12	112036753	112036822	33	CAG	83	116.000	1	1.5e-42	0.000	0	20.360	11
ATXN2	12	112036753	112036822	33	CAG	133	131.200	1	2.5e-46	1.360	25	27.870	5
ATXN2	12	112036753	112036822	33	CAG	1033	0.000	0	.	135.700	1	25.720	7
ATXN3	14	92537353	92537386	55	CAG	55	61.700	8	2.4e-14	0.000	0	0.000	0
ATXN3	14	92537353	92537386	55	CAG	65	104.200	4	8.3e-22	0.000	0	12.860	24
ATXN3	14	92537353	92537386	55	CAG	75	109.200	5	1.2e-22	0.000	0	0.000	0
ATXN3	14	92537353	92537386	55	CAG	105	94.100	5	2.4e-20	0.000	0	16.080	16
ATXN3	14	92537353	92537386	55	CAG	155	101.600	5	1.6e-21	1.380	27	26.800	6
ATXN3	14	92537353	92537386	55	CAG	1055	94.100	5	2.4e-20	106.060	1	24.650	7
ATXN7	3	63898360	63898390	37	CAG	37	88.300	1	2.7e-38	0.000	0	0.000	0
ATXN7	3	63898360	63898390	37	CAG	47	80.800	1	5.9e-36	0.000	0	3.220	129
ATXN7	3	63898360	63898390	37	CAG	57	80.800	1	5.9e-36	0.000	0	5.360	77
ATXN7	3	63898360	63898390	37	CAG	87	108.400	1	7.6e-44	0.000	0	18.220	13
ATXN7	3	63898360	63898390	37	CAG	137	123.600	1	1.7e-47	2.970	15	38.590	5
ATXN7	3	63898360	63898390	37	CAG	1037	138.900	1	8e-51	126.580	1	45.020	4
ATXN8	13	70713515	70713560	80	CTG	80	85.400	1	3.6e-35	0.000	0	8.480	41
ATXN8	13	70713515	70713560	80	CTG	90	118.100	1	3.7e-44	0.000	0	27.470	6
ATXN8	13	70713515	70713560	80	CTG	100	125.700	1	6.1e-46	0.000	0	25.220	7
ATXN8	13	70713515	70713560	80	CTG	130	95.400	1	3.3e-38	1.410	26	12.070	25
ATXN8	13	70713515	70713560	80	CTG	180	120.600	1	9.1e-45	5.650	7	20.000	13
ATXN8	13	70713515	70713560	80	CTG	1080	113.000	1	6.3e-43	131.780	1	40.560	5
C11orf80	11	66512293	66512320	500	CGG	500	98.900	1	2e-39	41.610	1	31.080	6
C11orf80	11	66512293	66512320	500	CGG	510	149.700	1	2.4e-50	29.760	2	51.450	4
C11orf80	11	66512293	66512320	500	CGG	520	96.300	1	8.9e-39	51.300	1	38.590	5
C11orf80	11	66512293	66512320	500	CGG	550	106.400	1	2.6e-41	53.400	1	28.940	5
C11orf80	11	66512293	66512320	500	CGG	600	114.000	1	4.4e-43	49.100	1	37.510	5
C11orf80	11	66512293	66512320	500	CGG	1500	98.900	1	2e-39	155.190	1	31.080	6
C9ORF72	9	27573526	27573544	30	GGGGCC	30	33.400	17	4.5e-05	0.000	0	11.670	26
C9ORF72	9	27573526	27573544	30	GGGGCC	40	54.600	12	1.3e-08	0.000	0	14.980	19
C9ORF72	9	27573526	27573544	30	GGGGCC	50	60.900	10	2.3e-09	1.070	31	21.420	11
C9ORF72	9	27573526	27573544	30	GGGGCC	80	69.800	10	2e-10	4.290	10	38.570	5
C9ORF72	9	27573526	27573544	30	GGGGCC	130	86.400	10	4e-12	17.150	3	46.080	4
C9ORF72	9	27573526	27573544	30	GGGGCC	1030	59.700	10	3.3e-09	395.500	1	31.060	6
CACNA1A	19	13318672	13318711	20	CAG	20	0.000	0	.	0.000	0	0.000	0
CACNA1A	19	13318672	13318711	20	CAG	30	56.100	1	1.4e-25	0.000	0	0.000	0
CACNA1A	19	13318672	13318711	20	CAG	40	34.200	8	3.2e-14	0.000	0	0.000	0
CACNA1A	19	13318672	13318711	20	CAG	70	78.400	1	2.7e-34	0.000	0	10.720	28
CACNA1A	19	13318672	13318711	20	CAG	120	108.500	1	3.4e-43	0.000	0	24.650	6
CACNA1A	19	13318672	13318711	20	CAG	1020	118.600	1	1e-45	95.810	1	38.590	4
CBL	11	119076999	119077032	500	CGG	500	134.400	1	9.5e-50	38.370	2	49.300	3
CBL	11	119076999	119077032	500	CGG	510	149.700	1	7e-53	33.020	1	51.450	3
CBL	11	119076999	119077032	500	CGG	520	116.600	1	1e-45	42.630	1	34.300	5
CBL	11	119076999	119077032	500	CGG	550	116.600	1	1e-45	48.040	2	31.080	6
CBL	11	119076999	119077032	500	CGG	600	119.200	1	2.5e-46	45.870	1	43.940	4
CBL	11	119076999	119077032	500	CGG	1500	116.600	1	1e-45	145.600	1	34.300	7
CNBP	3	128891419	128891499	50	CAGG	50	56.600	1	1.3e-26	0.000	0	17.150	15
CNBP	3	128891419	128891499	50	CAGG	60	84.600	1	6.4e-39	0.000	0	30.010	5
CNBP	3	128891419	128891499	50	CAGG	70	64.000	1	2.1e-30	0.000	0	21.440	10
CNBP	3	128891419	128891499	50	CAGG	100	67.700	1	4e-32	0.000	0	25.720	6
CNBP	3	128891419	128891499	50	CAGG	150	97.900	1	2.2e-43	13.930	4	37.510	5
CNBP	3	128891419	128891499	50	CAGG	1050	71.500	1	9.1e-34	195.070	1	42.870	4
COMP	19	18896839	18896859	6	GAC	6	0.000	0	.	0.000	0	0.000	0
COMP	19	18896839	18896859	6	GAC	16	0.000	0	.	0.000	0	0.000	0
COMP	19	18896839	18896859	6	GAC	26	0.000	0	.	0.000	0	0.000	0
COMP	19	18896839	18896859	6	GAC	56	0.000	0	.	0.000	0	3.220	127
COMP	19	18896839	18896859	6	GAC	106	0.000	0	.	0.000	0	31.080	6
COMP	19	18896839	18896859	6	GAC	1006	0.000	0	.	158.630	1	51.450	3
CSTB	21	45196324	45196360	40	CGCGGGGCGGGG	40	0.000	0	.	0.000	0	0.000	0
CSTB	21	45196324	45196360	40	CGCGGGGCGGGG	50	0.000	0	.	0.000	0	0.000	0
CSTB	21	45196324	45196360	40	CGCGGGGCGGGG	60	0.000	0	.	0.000	0	0.000	0
CSTB	21	45196324	45196360	40	CGCGGGGCGGGG	90	0.000	0	.	0.000	0	0.000	0
CSTB	21	45196324	45196360	40	CGCGGGGCGGGG	140	0.000	0	.	0.000	0	0.000	0
CSTB	21	45196324	45196360	40	CGCGGGGCGGGG	1040	0.000	0	.	0.000	0	0.000	0
DIP2B	12	50898784	50898805	500	GGC	500	37.400	541	0.74	34.060	1	36.430	6
DIP2B	12	50898784	50898805	500	GGC	510	37.400	545	0.74	36.250	1	37.510	6
DIP2B	12	50898784	50898805	500	GGC	520	37.400	546	0.74	39.500	2	41.800	4
DIP2B	12	50898784	50898805	500	GGC	550	37.400	558	0.74	36.260	1	46.090	4
DIP2B	12	50898784	50898805	500	GGC	600	37.400	533	0.74	46.980	1	36.440	4
DIP2B	12	50898784	50898805	500	GGC	1500	37.400	533	0.74	145.580	1	36.440	5
DMPK	19	46273462	46273522	50	CTG	50	78.300	1	3e-31	0.000	0	4.290	95
DMPK	19	46273462	46273522	50	CTG	60	80.800	1	3.8e-32	0.000	0	12.860	25
DMPK	19	46273462	46273522	50	CTG	70	85.800	1	7.2e-34	0.000	0	16.080	17
DMPK	19	46273462	46273522	50	CTG	100	121.000	1	6.1e-44	0.000	0	28.940	6
DMPK	19	46273462	46273522	50	CTG	150	110.900	1	2.3e-41	3.830	11	27.870	6
DMPK	19	46273462	46273522	50	CTG	1050	0.000	0	.	113.070	1	35.370	5
FMR1	X	146993568	146993628	200	CGG	200	100.100	15	3e-06	8.400	7	35.180	5
FMR1	X	146993568	146993628	200	CGG	210	148.100	11	8.6e-09	10.550	7	51.280	3
FMR1	X	146993568	146993628	200	CGG	220	107.600	16	9.2e-07	14.770	4	35.190	5
FMR1	X	146993568	146993628	200	CGG	250	112.600	17	4.3e-07	9.460	7	40.470	5
FMR1	X	146993568	146993628	200	CGG	300	127.800	15	6.6e-08	25.540	2	43.750	4
FMR1	X	146993568	146993628	200	CGG	1200	145.600	10	1.3e-08	118.810	1	48.060	5
FOXL2	3	138664863	138664904	22	GCN	22	0.000	0	.	0.000	0	0.000	0
FOXL2	3	138664863	138664904	22	GCN	32	0.000	0	.	0.000	0	0.000	0
FOXL2	3	138664863	138664904	22	GCN	42	0.000	0	.	0.000	0	0.000	0
FOXL2	3	138664863	138664904	22	GCN	72	0.000	0	.	0.000	0	18.220	14
FOXL2	3	138664863	138664904	22	GCN	122	0.000	0	.	0.000	0	36.440	5
FOXL2	3	138664863	138664904	22	GCN	1022	0.000	0	.	0.000	0	39.660	6
FRA10AC1	10	95462280	95462305	200	CGG	200	134.400	1	6.2e-41	10.570	6	34.300	6
FRA10AC1	10	95462280	95462305	200	CGG	210	126.700	1	1.4e-39	5.260	9	35.370	4
FRA10AC1	10	95462280	95462305	200	CGG	220	129.300	1	4.9e-40	7.340	7	38.590	4
FRA10AC1	10	95462280	95462305	200	CGG	250	129.300	1	4.9e-40	11.650	5	40.730	5
FRA10AC1	10	95462280	95462305	200	CGG	300	131.800	1	1.7e-40	11.580	4	38.590	5
FRA10AC1	10	95462280	95462305	200	CGG	1200	131.800	1	1.7e-40	116.620	1	40.730	6
FXN	9	71652202	71652220	66	GAA	66	15.000	19	0.00017	0.000	0	19.290	12
FXN	9	71652202	71652220	66	GAA	76	19.700	10	1.1e-08	0.000	0	19.290	13
FXN	9	71652202	71652220	66	GAA	86	22.100	10	1.1e-10	0.000	0	24.650	7
FXN	9	71652202	71652220	66	GAA	116	29.300	7	8.1e-16	0.000	0	33.230	5
FXN	9	71652202	71652220	66	GAA	166	29.300	7	8.1e-16	0.000	0	38.590	5
FXN	9	71652202	71652220	66	GAA	1066	34.100	5	1.1e-18	11.870	5	37.510	5
GLS	2	191745598	191745646	650	GCA	650	108.700	1	2.4e-41	41.810	1	38.590	5
GLS	2	191745598	191745646	650	GCA	660	113.700	1	1.3e-42	59.050	1	37.510	5
GLS	2	191745598	191745646	650	GCA	670	118.800	1	7.5e-44	79.100	1	40.730	5
GLS	2	191745598	191745646	650	GCA	700	0.000	0	.	73.840	1	38.590	4
GLS	2	191745598	191745646	650	GCA	750	118.800	1	7.5e-44	106.620	1	39.660	5
GLS	2	191745598	191745646	650	GCA	1650	149.300	1	2e-50	72.950	1	48.230	4
HOXA13	7	27239445	27239480	18	GCN	18	0.000	0	.	0.000	0	0.000	0
HOXA13	7	27239445	27239480	18	GCN	28	0.000	0	.	0.000	0	0.000	0
HOXA13	7	27239445	27239480	18	GCN	38	0.000	0	.	0.000	0	0.000	0
HOXA13	7	27239445	27239480	18	GCN	68	0.000	0	.	0.000	0	13.930	24
HOXA13	7	27239445	27239480	18	GCN	118	0.000	0	.	0.000	0	23.580	7
HOXA13	7	27239445	27239480	18	GCN	1018	0.000	0	.	0.000	0	43.940	4
HOXD13	2	176957787	176957831	22	GCN	22	0.000	0	.	0.000	0	0.000	0
HOXD13	2	176957787	176957831	22	GCN	32	0.000	0	.	0.000	0	0.000	0
HOXD13	2	176957787	176957831	22	GCN	42	0.000	0	.	0.000	0	0.000	0
HOXD13	2	176957787	176957831	22	GCN	72	0.000	0	.	0.000	0	6.430	58
HOXD13	2	176957787	176957831	22	GCN	122	0.000	0	.	0.000	0	26.800	6
HOXD13	2	176957787	176957831	22	GCN	1022	0.000	0	.	0.000	0	36.440	6
HTT	4	3076603	3076660	36	CAG	36	0.000	0	.	0.000	0	0.000	0
HTT	4	3076603	3076660	36	CAG	46	37.400	10	1.7e-10	0.000	0	7.500	41
HTT	4	3076603	3076660	36	CAG	56	66.500	1	3e-26	0.000	0	18.220	13
HTT	4	3076603	3076660	36	CAG	86	103.900	1	3.6e-39	0.000	0	26.800	6
HTT	4	3076603	3076660	36	CAG	136	121.600	1	8.1e-44	2.360	16	39.660	4
HTT	4	3076603	3076660	36	CAG	1036	81.400	1	4.8e-32	93.010	1	25.720	7
JPH3	16	87637893	87637935	41	CTG	41	82.900	1	3.9e-35	0.000	0	0.000	0
JPH3	16	87637893	87637935	41	CTG	51	75.400	1	1.5e-32	0.000	0	7.500	43
JPH3	16	87637893	87637935	41	CTG	61	70.400	1	1e-30	0.000	0	7.500	42
JPH3	16	87637893	87637935	41	CTG	91	0.000	0	.	1.550	23	33.230	5
JPH3	16	87637893	87637935	41	CTG	141	123.200	1	2.5e-46	5.430	7	39.660	4
JPH3	16	87637893	87637935	41	CTG	1041	113.000	1	7.6e-44	118.880	1	31.080	6
NUTM2B-AS1	10	81586141	81586160	90	CGG	90	0.000	0	.	0.000	0	0.000	0
NUTM2B-AS1	10	81586141	81586160	90	CGG	100	0.000	0	.	0.000	0	0.000	0
NUTM2B-AS1	10	81586141	81586160	90	CGG	110	0.000	0	.	0.000	0	0.000	0
NUTM2B-AS1	10	81586141	81586160	90	CGG	140	0.000	0	.	1.910	20	0.000	0
NUTM2B-AS1	10	81586141	81586160	90	CGG	190	0.000	0	.	7.230	7	0.000	0
NUTM2B-AS1	10	81586141	81586160	90	CGG	1090	0.000	0	.	193.820	1	0.000	0
LRP12	8	105601201	105601227	90	GGC	90	127.200	1	4.5e-48	0.000	0	34.300	6
LRP12	8	105601201	105601227	90	GGC	100	119.600	1	2.5e-46	0.000	0	33.230	5
LRP12	8	105601201	105601227	90	GGC	110	124.600	1	1.7e-47	0.000	0	26.800	6
LRP12	8	105601201	105601227	90	GGC	140	114.500	1	4.2e-45	0.000	0	31.080	6
LRP12	8	105601201	105601227	90	GGC	190	104.400	1	1.5e-42	9.440	7	35.370	6
LRP12	8	105601201	105601227	90	GGC	1090	127.200	1	4.5e-48	110.150	1	34.300	6
NOP56	20	2633379	2633403	1500	GGCCTG	1500	49.800	1	2.3e-36	565.930	1	27.870	6
NOP56	20	2633379	2633403	1500	GGCCTG	1510	57.300	1	5.4e-40	584.150	1	41.800	4
NOP56	20	2633379	2633403	1500	GGCCTG	1520	53.500	1	3.1e-38	579.860	1	35.370	5
NOP56	20	2633379	2633403	1500	GGCCTG	1550	44.700	1	1.1e-33	605.580	1	30.010	6
NOP56	20	2633379	2633403	1500	GGCCTG	1600	66.200	1	8.9e-44	619.520	1	47.160	4
NOP56	20	2633379	2633403	1500	GGCCTG	2500	64.900	1	2.9e-43	950.710	1	39.660	5
NBPF19	1	145209323	145209344	90	GGC	90	0.000	0	.	0.000	0	2.140	196
NBPF19	1	145209323	145209344	90	GGC	100	0.000	0	.	0.000	0	0.000	0
NBPF19	1	145209323	145209344	90	GGC	110	0.000	0	.	0.000	0	0.000	0
NBPF19	1	145209323	145209344	90	GGC	140	0.000	0	.	5.170	8	0.000	0
NBPF19	1	145209323	145209344	90	GGC	190	0.000	0	.	12.590	5	0.000	0
NBPF19	1	145209323	145209344	90	GGC	1090	0.000	0	.	194.830	1	0.000	0
PAPBN1	14	23790682	23790711	11	GCN	11	0.000	0	.	0.000	0	0.000	0
PAPBN1	14	23790682	23790711	11	GCN	21	0.000	0	.	0.000	0	0.000	0
PAPBN1	14	23790682	23790711	11	GCN	31	0.000	0	.	0.000	0	0.000	0
PAPBN1	14	23790682	23790711	11	GCN	61	0.000	0	.	0.000	0	6.430	60
PAPBN1	14	23790682	23790711	11	GCN	111	0.000	0	.	0.000	0	0.000	0
PAPBN1	14	23790682	23790711	11	GCN	1011	0.000	0	.	0.000	0	27.870	6
PHOX2B	4	41747989	41748049	500	GCN	500	0.000	0	.	0.000	0	39.660	5
PHOX2B	4	41747989	41748049	500	GCN	510	0.000	0	.	0.000	0	39.660	5
PHOX2B	4	41747989	41748049	500	GCN	520	0.000	0	.	0.000	0	39.660	5
PHOX2B	4	41747989	41748049	500	GCN	550	0.000	0	.	0.000	0	35.370	5
PHOX2B	4	41747989	41748049	500	GCN	600	0.000	0	.	0.000	0	35.370	5
PHOX2B	4	41747989	41748049	500	GCN	1500	0.000	0	.	0.000	0	32.150	7
PPP2R2B	5	146258290	146258320	43	CAG	43	65.800	1	1e-30	0.000	0	0.000	0
PPP2R2B	5	146258290	146258320	43	CAG	53	63.400	1	9.5e-30	0.000	0	5.360	75
PPP2R2B	5	146258290	146258320	43	CAG	63	70.800	1	1.5e-32	0.000	0	6.430	57
PPP2R2B	5	146258290	146258320	43	CAG	93	105.900	1	3.4e-43	0.000	0	25.720	7
PPP2R2B	5	146258290	146258320	43	CAG	143	108.400	1	7.6e-44	1.400	25	35.370	5
PPP2R2B	5	146258290	146258320	43	CAG	1043	111.000	1	1.8e-44	116.550	1	26.800	6
RUNX2	6	45390488	45390538	27	GCN	27	0.000	0	.	0.000	0	0.000	0
RUNX2	6	45390488	45390538	27	GCN	37	0.000	0	.	0.000	0	0.000	0
RUNX2	6	45390488	45390538	27	GCN	47	0.000	0	.	0.000	0	0.000	0
RUNX2	6	45390488	45390538	27	GCN	77	0.000	0	.	0.000	0	7.500	42
RUNX2	6	45390488	45390538	27	GCN	127	0.000	0	.	0.000	0	35.370	6
RUNX2	6	45390488	45390538	27	GCN	1027	0.000	0	.	0.000	0	42.870	5
SOX3	X	139586482	139586526	26	GCN	26	0.000	0	.	0.000	0	0.000	0
SOX3	X	139586482	139586526	26	GCN	36	0.000	0	.	0.000	0	0.000	0
SOX3	X	139586482	139586526	26	GCN	46	0.000	0	.	0.000	0	2.140	199
SOX3	X	139586482	139586526	26	GCN	76	0.000	0	.	0.000	0	13.930	22
SOX3	X	139586482	139586526	26	GCN	126	0.000	0	.	0.000	0	32.150	6
SOX3	X	139586482	139586526	26	GCN	1026	0.000	0	.	0.000	0	26.800	6
TBP	6	170870994	170871105	43	CAG	43	67.600	5	1.8e-19	0.000	0	0.000	0
TBP	6	170870994	170871105	43	CAG	53	74.900	4	4.1e-23	0.000	0	4.290	92
TBP	6	170870994	170871105	43	CAG	63	79.800	1	9.1e-25	0.000	0	9.650	33
TBP	6	170870994	170871105	43	CAG	93	129.700	1	2.9e-41	0.000	0	15.010	19
TBP	6	170870994	170871105	43	CAG	143	142.300	1	2.3e-44	0.000	0	35.370	5
TBP	6	170870994	170871105	43	CAG	1043	142.300	1	2.3e-44	87.360	1	39.660	5
TCF4	18	53253386	53253458	40	CAG	40	36.700	13	8e-06	0.000	0	7.130	45
TCF4	18	53253386	53253458	40	CAG	50	87.900	1	3.8e-30	0.000	0	16.360	16
TCF4	18	53253386	53253458	40	CAG	60	82.900	1	1.6e-28	0.000	0	12.220	25
TCF4	18	53253386	53253458	40	CAG	90	105.400	1	3e-35	0.000	0	28.800	6
TCF4	18	53253386	53253458	40	CAG	140	110.400	1	1.4e-36	4.140	10	24.430	7
TCF4	18	53253386	53253458	40	CAG	1040	102.900	1	1.4e-34	97.430	1	18.450	12
TMEM185A	X	148713420	148713437	300	GCC	300	29.400	534	0.74	14.820	4	37.510	5
TMEM185A	X	148713420	148713437	300	GCC	310	29.400	541	0.74	11.600	6	36.440	5
TMEM185A	X	148713420	148713437	300	GCC	320	29.400	529	0.74	14.800	4	38.590	5
TMEM185A	X	148713420	148713437	300	GCC	350	29.400	525	0.74	26.650	3	37.510	5
TMEM185A	X	148713420	148713437	300	GCC	400	29.400	525	0.74	22.290	2	32.150	6
TMEM185A	X	148713420	148713437	300	GCC	1300	29.400	531	0.74	130.550	1	42.870	5
XYLT1	16	17564764	17564779	500	GCC	500	0.000	0	.	37.290	1	37.510	5
XYLT1	16	17564764	17564779	500	GCC	510	0.000	0	.	42.670	1	42.870	4
XYLT1	16	17564764	17564779	500	GCC	520	0.000	0	.	35.150	1	48.230	4
XYLT1	16	17564764	17564779	500	GCC	550	0.000	0	.	41.650	1	20.360	12
XYLT1	16	17564764	17564779	500	GCC	600	0.000	0	.	45.870	2	36.440	5
XYLT1	16	17564764	17564779	500	GCC	1500	0.000	0	.	134.950	1	43.940	5
ZIC2	13	100637703	100637747	25	GCN	25	0.000	0	.	0.000	0	0.000	0
ZIC2	13	100637703	100637747	25	GCN	35	0.000	0	.	0.000	0	0.000	0
ZIC2	13	100637703	100637747	25	GCN	45	0.000	0	.	0.000	0	0.000	0
ZIC2	13	100637703	100637747	25	GCN	75	0.000	0	.	0.000	0	9.650	32
ZIC2	13	100637703	100637747	25	GCN	125	0.000	0	.	0.000	0	30.010	6
ZIC2	13	100637703	100637747	25	GCN	1025	0.000	0	.	0.000	0	25.720	7
ZNF713	7	55955294	55955332	85	CGG	85	105.700	1	2.3e-41	0.000	0	24.640	7
ZNF713	7	55955294	55955332	85	CGG	95	98.100	1	2.3e-39	0.000	0	21.430	11
ZNF713	7	55955294	55955332	85	CGG	105	123.400	1	1.2e-45	0.000	0	30.010	6
ZNF713	7	55955294	55955332	85	CGG	135	105.700	1	2.3e-41	3.130	14	30.010	6
ZNF713	7	55955294	55955332	85	CGG	185	113.300	1	2.9e-43	3.010	14	32.150	6
ZNF713	7	55955294	55955332	85	CGG	1085	128.500	1	9e-47	111.310	1	42.870	5
