chrom	start	end	sample	repeatunit	reflen	locuscoverage	outlier	p_adj	bpInsertion	repeatUnits
chr3	121505017	121505062	NOTCH2NLC-NBPF19_90_Het	AAAAG	9.0	17	11.2	1.9e-24	128.4	34.7
chr4	77529681	77529900	NOTCH2NLC-NBPF19_90_Het	AGCAT	43.6	16	11.0	1.2e-23	121.0	67.8
chr10	72127714	72127752	NOTCH2NLC-NBPF19_90_Het	AACAT	7.6	16	10.8	3.4e-23	121.0	31.8
chr3	111499104	111499263	NOTCH2NLC-NBPF19_90_Het	AAG	53.3	14	10.5	1.4e-21	106.3	88.7
chr17	50871308	50871365	NOTCH2NLC-NBPF19_90_Het	AAAAG	11.4	12	9.6	5.6e-18	91.7	29.7
chr1	12184886	12184944	NOTCH2NLC-NBPF19_90_Het	AAAAC	11.8	11	9.5	2.1e-17	84.4	28.7
chr1	240391603	240391663	NOTCH2NLC-NBPF19_90_Het	A	60.0	10	8.9	2.3e-15	77.1	137.1
chr21	37984755	37984784	NOTCH2NLC-NBPF19_90_Het	AATAT	5.8	10	8.6	5.2e-14	77.1	21.2
chrY	28810510	28810653	NOTCH2NLC-NBPF19_90_Het	ACTCC	28.6	7	7.9	1.1e-11	55.5	39.7
chr5	78476187	78476455	NOTCH2NLC-NBPF19_90_Het	AAAGG	53.8	6	7.3	1.7e-09	48.3	63.5
chr5	10761497	10761530	NOTCH2NLC-NBPF19_90_Het	CCCCCG	5.5	6	6.9	1.6e-08	48.3	13.6
chr14	23749891	23750000	NOTCH2NLC-NBPF19_90_Het	AAAAT	22.0	5	6.8	4.5e-08	41.2	30.2
chr8	105838255	105838285	NOTCH2NLC-NBPF19_90_Het	A	30.0	5	6.8	4.5e-08	41.2	71.2
chr6	160521756	160521839	NOTCH2NLC-NBPF19_90_Het	A	83.0	16	6.7	8.7e-08	121.0	204.0
chr14	48582112	48582210	NOTCH2NLC-NBPF19_90_Het	ACTAT	19.6	5	6.6	9.5e-08	41.2	27.8
chr3	899363	899399	NOTCH2NLC-NBPF19_90_Het	AG	18.0	4	6.2	1.2e-06	34.1	35.1
chr2	184148558	184148671	NOTCH2NLC-NBPF19_90_Het	AAAG	29.2	5	6.1	3.4e-06	41.2	39.5
chr2	234633825	234633963	NOTCH2NLC-NBPF19_90_Het	AGAGGC	25.0	4	6.0	4e-06	34.1	30.7
chrX	122185803	122185855	NOTCH2NLC-NBPF19_90_Het	A	52.0	4	5.9	8.4e-06	34.1	86.1
chr19	21890113	21890178	NOTCH2NLC-NBPF19_90_Het	AGGGAT	10.8	7	5.4	0.00013	55.5	20.0
chr2	233254426	233254493	NOTCH2NLC-NBPF19_90_Het	AAAG	16.8	3	5.4	0.00016	27.1	23.6
chr5	90017321	90017409	NOTCH2NLC-NBPF19_90_Het	AAAAT	17.2	3	5.2	0.0004	27.1	22.6
chr16	78836812	78836839	NOTCH2NLC-NBPF19_90_Het	A	27.0	3	5.1	0.00053	27.1	54.1
chr20	35996916	35996973	NOTCH2NLC-NBPF19_90_Het	A	57.0	3	5.1	0.00053	27.1	84.1
chr10	118491839	118491864	NOTCH2NLC-NBPF19_90_Het	AAAG	6.2	5	5.0	0.00093	41.2	16.5
chr6	103004884	103004935	NOTCH2NLC-NBPF19_90_Het	A	51.0	3	5.0	0.00093	27.1	78.1
chrY	15309739	15309780	NOTCH2NLC-NBPF19_90_Het	A	41.0	3	5.0	0.00093	27.1	68.1
chrY	17994851	17994913	NOTCH2NLC-NBPF19_90_Het	A	62.0	4	4.3	0.023	34.1	96.1
chr1	68395650	68395751	NOTCH2NLC-NBPF19_90_Het	AAAAT	20.4	2	4.2	0.035	20.1	24.4
chr4	173318707	173318748	NOTCH2NLC-NBPF19_90_Het	AAAT	10.2	2	4.2	0.035	20.1	15.2
chr2	33772409	33772438	NOTCH2NLC-NBPF19_90_Het	A	29.0	2	4.1	0.06	20.1	49.1
chr7	40416727	40416856	NOTCH2NLC-NBPF19_90_Het	AAAG	31.2	2	4.1	0.066	20.1	36.2
chr16	80297	80548	NOTCH2NLC-NBPF19_90_Het	AC	125.0	2	4.0	0.072	20.1	135.1
chr12	50930897	50930924	NOTCH2NLC-NBPF19_90_Het	A	27.0	2	4.0	0.072	20.1	47.1
chr14	55508501	55508527	NOTCH2NLC-NBPF19_90_Het	A	26.0	2	4.0	0.072	20.1	46.1
chr15	101481313	101481708	NOTCH2NLC-NBPF19_90_Het	AC	197.5	2	4.0	0.072	20.1	207.6
chr2	141600625	141600679	NOTCH2NLC-NBPF19_90_Het	A	54.0	2	4.0	0.072	20.1	74.1
chr21	10085671	10085970	NOTCH2NLC-NBPF19_90_Het	AATGG	60.0	2	4.0	0.072	20.1	64.0
chr22	47044215	47044882	NOTCH2NLC-NBPF19_90_Het	ATCC	165.2	2	4.0	0.072	20.1	170.2
chr6	26724193	26724250	NOTCH2NLC-NBPF19_90_Het	A	57.0	2	4.0	0.072	20.1	77.1
chr8	132744969	132744996	NOTCH2NLC-NBPF19_90_Het	A	27.0	2	4.0	0.072	20.1	47.1
chr8	39756660	39756697	NOTCH2NLC-NBPF19_90_Het	A	37.0	2	4.0	0.072	20.1	57.1
chrX	60000	60038	NOTCH2NLC-NBPF19_90_Het	AACCCT	6.3	2	4.0	0.072	20.1	9.7
chrX	76011152	76011195	NOTCH2NLC-NBPF19_90_Het	A	43.0	2	4.0	0.072	20.1	63.1
chr18	2614438	2614655	NOTCH2NLC-NBPF19_90_Het	AAAG	53.8	2	3.8	0.096	20.1	58.8
chr1	167599958	167599990	NOTCH2NLC-NBPF19_90_Het	A	32.0	2	3.8	0.096	20.1	52.1
chr1	204381175	204381207	NOTCH2NLC-NBPF19_90_Het	C	32.0	2	3.8	0.096	20.1	52.1
chr10	35956082	35956659	NOTCH2NLC-NBPF19_90_Het	ACC	193.7	2	3.8	0.096	20.1	200.4
chr15	98838611	98838646	NOTCH2NLC-NBPF19_90_Het	A	35.0	2	3.8	0.096	20.1	55.1
chr2	91615848	91615979	NOTCH2NLC-NBPF19_90_Het	AATGG	26.2	2	3.8	0.096	20.1	30.2
chr21	10085348	10085600	NOTCH2NLC-NBPF19_90_Het	AATGG	50.4	2	3.8	0.096	20.1	54.4
chr6	133341830	133341868	NOTCH2NLC-NBPF19_90_Het	A	38.0	2	3.8	0.096	20.1	58.1
chr7	111753789	111753833	NOTCH2NLC-NBPF19_90_Het	A	44.0	2	3.8	0.096	20.1	64.1
chr7	153625481	153625506	NOTCH2NLC-NBPF19_90_Het	A	25.0	2	3.8	0.096	20.1	45.1
chr7	159128557	159128663	NOTCH2NLC-NBPF19_90_Het	AACCCT	17.2	2	3.8	0.096	20.1	20.6
chrX	96062943	96062982	NOTCH2NLC-NBPF19_90_Het	A	39.0	2	3.8	0.096	20.1	59.1
chrUn_gl000243	26631	26800	NOTCH2NLC-NBPF19_90_Het	AACCCT	26.3	2	3.8	0.11	20.1	29.7
chr16	81119767	81119831	NOTCH2NLC-NBPF19_90_Het	A	64.0	4	3.7	0.15	34.1	98.1
chr3	112979504	112979600	NOTCH2NLC-NBPF19_90_Het	AACAG	19.4	2	3.7	0.15	20.1	23.4
chrY	28793281	28793532	NOTCH2NLC-NBPF19_90_Het	ACTCC	50.2	2	3.7	0.15	20.1	54.2
chr12	96192624	96192779	NOTCH2NLC-NBPF19_90_Het	AAG	51.7	2	3.6	0.25	20.1	58.4
chr11	98826697	98826794	NOTCH2NLC-NBPF19_90_Het	AGGG	24.2	2	3.5	0.33	20.1	29.2
chrY	28808405	28808656	NOTCH2NLC-NBPF19_90_Het	ACTCC	50.2	2	3.4	0.38	20.1	54.2
chr11	22457251	22457357	NOTCH2NLC-NBPF19_90_Het	AAAAT	21.0	6	3.4	0.51	48.3	30.7
chrX	117678608	117678640	NOTCH2NLC-NBPF19_90_Het	A	32.0	3	3.2	0.74	27.1	59.1
chr2	223680371	223680435	NOTCH2NLC-NBPF19_90_Het	AGAGGC	10.7	5	3.1	0.74	41.2	17.6
chrY	28800049	28801765	NOTCH2NLC-NBPF19_90_Het	AATGG	344.2	2	3.1	0.74	20.1	348.2
chr9	26962924	26962968	NOTCH2NLC-NBPF19_90_Het	A	44.0	2	2.9	0.74	20.1	64.1
chrY	10000	10038	NOTCH2NLC-NBPF19_90_Het	AACCCT	6.3	4	2.8	0.74	34.1	12.0
chr7	107410641	107410714	NOTCH2NLC-NBPF19_90_Het	A	73.0	3	2.7	0.74	27.1	100.1
chr15	90017943	90018475	NOTCH2NLC-NBPF19_90_Het	AAGG	133.0	1	2.6	0.74	13.2	136.3
chr5	115548193	115548220	NOTCH2NLC-NBPF19_90_Het	AC	13.5	1	2.6	0.74	13.2	20.1
chr1	145278708	145278843	NOTCH2NLC-NBPF19_90_Het	AAAG	33.2	1	2.6	0.74	13.2	36.5
chr1	213912176	213912219	NOTCH2NLC-NBPF19_90_Het	AAAT	11.0	1	2.6	0.74	13.2	14.3
chr1	216832190	216832259	NOTCH2NLC-NBPF19_90_Het	AAGAG	13.8	1	2.6	0.74	13.2	16.4
chr1	222986695	222986728	NOTCH2NLC-NBPF19_90_Het	AC	16.5	1	2.6	0.74	13.2	23.1
chr1	27006096	27006141	NOTCH2NLC-NBPF19_90_Het	AC	22.5	1	2.6	0.74	13.2	29.1
chr1	79561932	79561972	NOTCH2NLC-NBPF19_90_Het	AGGG	10.0	1	2.6	0.74	13.2	13.3
chr10	97753657	97753710	NOTCH2NLC-NBPF19_90_Het	AC	26.5	1	2.6	0.74	13.2	33.1
chr11	10387897	10387959	NOTCH2NLC-NBPF19_90_Het	AC	31.0	1	2.6	0.74	13.2	37.6
chr11	115005248	115005293	NOTCH2NLC-NBPF19_90_Het	AC	22.5	1	2.6	0.74	13.2	29.1
chr12	10086823	10086850	NOTCH2NLC-NBPF19_90_Het	AC	13.5	1	2.6	0.74	13.2	20.1
chr12	131251116	131251318	NOTCH2NLC-NBPF19_90_Het	ACCATC	34.3	1	2.6	0.74	13.2	36.5
chr13	110900137	110900182	NOTCH2NLC-NBPF19_90_Het	AC	22.5	1	2.6	0.74	13.2	29.1
chr13	83542290	83542363	NOTCH2NLC-NBPF19_90_Het	AC	36.5	1	2.6	0.74	13.2	43.1
chr13	98860162	98860223	NOTCH2NLC-NBPF19_90_Het	AC	30.5	1	2.6	0.74	13.2	37.1
chr15	93154356	93154560	NOTCH2NLC-NBPF19_90_Het	AGGG	51.5	1	2.6	0.74	13.2	54.8
chr18	25829434	25829482	NOTCH2NLC-NBPF19_90_Het	AC	24.0	1	2.6	0.74	13.2	30.6
chr18	31447613	31447644	NOTCH2NLC-NBPF19_90_Het	AC	15.5	1	2.6	0.74	13.2	22.1
chr18	39101786	39101827	NOTCH2NLC-NBPF19_90_Het	AC	20.5	1	2.6	0.74	13.2	27.1
chr19	17917920	17917954	NOTCH2NLC-NBPF19_90_Het	AC	17.0	1	2.6	0.74	13.2	23.6
chr19	44919959	44920003	NOTCH2NLC-NBPF19_90_Het	AC	22.5	1	2.6	0.74	13.2	29.1
chr2	205200068	205200096	NOTCH2NLC-NBPF19_90_Het	AC	14.0	1	2.6	0.74	13.2	20.6
chr2	216150305	216150346	NOTCH2NLC-NBPF19_90_Het	AC	20.5	1	2.6	0.74	13.2	27.1
chr2	58789967	58790018	NOTCH2NLC-NBPF19_90_Het	AGAT	12.8	1	2.6	0.74	13.2	16.1
chr20	62122972	62124348	NOTCH2NLC-NBPF19_90_Het	ATCC	353.2	1	2.6	0.74	13.2	356.5
chr21	30696877	30696922	NOTCH2NLC-NBPF19_90_Het	AC	22.5	1	2.6	0.74	13.2	29.1
chr3	196722341	196722371	NOTCH2NLC-NBPF19_90_Het	AC	15.0	1	2.6	0.74	13.2	21.6
chr4	119917004	119917070	NOTCH2NLC-NBPF19_90_Het	AGAT	16.5	1	2.6	0.74	13.2	19.8
chr4	129386780	129386818	NOTCH2NLC-NBPF19_90_Het	AGAT	9.5	1	2.6	0.74	13.2	12.8
chr4	153523391	153523427	NOTCH2NLC-NBPF19_90_Het	AC	18.0	1	2.6	0.74	13.2	24.6
chr4	170881318	170881404	NOTCH2NLC-NBPF19_90_Het	AGAGAT	14.8	1	2.6	0.74	13.2	17.0
chr4	31645321	31645348	NOTCH2NLC-NBPF19_90_Het	AC	13.5	1	2.6	0.74	13.2	20.1
chr4	46392007	46392045	NOTCH2NLC-NBPF19_90_Het	AGG	12.7	1	2.6	0.74	13.2	17.1
chr4	56623143	56623187	NOTCH2NLC-NBPF19_90_Het	AC	22.0	1	2.6	0.74	13.2	28.6
chr4	80126082	80126111	NOTCH2NLC-NBPF19_90_Het	AC	14.5	1	2.6	0.74	13.2	21.1
chr5	13477014	13477046	NOTCH2NLC-NBPF19_90_Het	AC	16.0	1	2.6	0.74	13.2	22.6
chr5	42567869	42567916	NOTCH2NLC-NBPF19_90_Het	AC	23.5	1	2.6	0.74	13.2	30.1
chr5	81415803	81415838	NOTCH2NLC-NBPF19_90_Het	AC	17.5	1	2.6	0.74	13.2	24.1
chr6	122515108	122515164	NOTCH2NLC-NBPF19_90_Het	AC	28.0	1	2.6	0.74	13.2	34.6
chr6	135448800	135448842	NOTCH2NLC-NBPF19_90_Het	AAT	14.0	1	2.6	0.74	13.2	18.4
chr6	160720136	160720165	NOTCH2NLC-NBPF19_90_Het	AC	14.5	1	2.6	0.74	13.2	21.1
chr7	105694057	105694134	NOTCH2NLC-NBPF19_90_Het	AGGG	19.0	1	2.6	0.74	13.2	22.3
chr7	13069168	13069209	NOTCH2NLC-NBPF19_90_Het	AC	20.5	1	2.6	0.74	13.2	27.1
chr7	35877846	35877915	NOTCH2NLC-NBPF19_90_Het	AAGG	17.2	1	2.6	0.74	13.2	20.5
chr8	54162629	54162661	NOTCH2NLC-NBPF19_90_Het	AC	16.0	1	2.6	0.74	13.2	22.6
chr8	99168137	99168184	NOTCH2NLC-NBPF19_90_Het	AC	23.5	1	2.6	0.74	13.2	30.1
chr9	17819550	17819579	NOTCH2NLC-NBPF19_90_Het	AC	14.5	1	2.6	0.74	13.2	21.1
chr9	30051648	30051706	NOTCH2NLC-NBPF19_90_Het	AAAT	14.8	1	2.6	0.74	13.2	18.1
chr9	94924385	94924434	NOTCH2NLC-NBPF19_90_Het	AC	24.5	1	2.6	0.74	13.2	31.1
chrX	11086656	11086699	NOTCH2NLC-NBPF19_90_Het	AC	21.5	1	2.6	0.74	13.2	28.1
chrX	113684581	113684616	NOTCH2NLC-NBPF19_90_Het	AC	17.5	1	2.6	0.74	13.2	24.1
chrX	130322864	130322910	NOTCH2NLC-NBPF19_90_Het	AC	23.0	1	2.6	0.74	13.2	29.6
chrY	1646007	1646897	NOTCH2NLC-NBPF19_90_Het	ATCC	221.8	1	2.6	0.74	13.2	225.1
chr5	9426539	9426591	NOTCH2NLC-NBPF19_90_Het	AAAAT	10.6	1	2.6	0.74	13.2	13.2
chr1	223816899	223816933	NOTCH2NLC-NBPF19_90_Het	AC	17.0	1	2.6	0.74	13.2	23.6
chr14	66853792	66853843	NOTCH2NLC-NBPF19_90_Het	AC	25.5	1	2.6	0.74	13.2	32.1
chr14	81673470	81673536	NOTCH2NLC-NBPF19_90_Het	ACCT	16.5	1	2.6	0.74	13.2	19.8
chr7	102188267	102188317	NOTCH2NLC-NBPF19_90_Het	AAAG	12.2	1	2.6	0.74	13.2	15.5
chrX	9791054	9791274	NOTCH2NLC-NBPF19_90_Het	AGG	71.7	1	2.6	0.74	13.2	76.1
chr10	133911391	133911509	NOTCH2NLC-NBPF19_90_Het	AAGGGG	19.7	1	2.6	0.74	13.2	21.9
chr13	77630234	77630294	NOTCH2NLC-NBPF19_90_Het	AC	30.0	1	2.6	0.74	13.2	36.6
chr18	72833784	72833889	NOTCH2NLC-NBPF19_90_Het	AAAG	25.8	1	2.6	0.74	13.2	29.1
chr1	10171102	10171151	NOTCH2NLC-NBPF19_90_Het	AC	24.5	1	2.6	0.74	13.2	31.1
chr9	115848091	115848133	NOTCH2NLC-NBPF19_90_Het	AC	21.0	1	2.6	0.74	13.2	27.6
chr12	2386528	2386594	NOTCH2NLC-NBPF19_90_Het	AC	33.0	1	2.6	0.74	13.2	39.6
chr2	150324646	150324702	NOTCH2NLC-NBPF19_90_Het	AC	28.0	1	2.6	0.74	13.2	34.6
chr4	42386052	42386155	NOTCH2NLC-NBPF19_90_Het	AAGG	25.5	1	2.6	0.74	13.2	28.8
chr5	124333372	124333415	NOTCH2NLC-NBPF19_90_Het	AGGG	10.8	1	2.6	0.74	13.2	14.1
chr10	71695843	71695955	NOTCH2NLC-NBPF19_90_Het	AAGG	27.5	1	2.6	0.74	13.2	30.8
chr4	49041323	49041471	NOTCH2NLC-NBPF19_90_Het	AT	67.5	1	2.6	0.74	13.2	74.1
chr7	127593204	127593274	NOTCH2NLC-NBPF19_90_Het	AC	35.0	1	2.6	0.74	13.2	41.6
chr2	113687470	113687507	NOTCH2NLC-NBPF19_90_Het	AC	18.5	1	2.6	0.74	13.2	25.1
chr8	144492868	144492908	NOTCH2NLC-NBPF19_90_Het	ACC	13.3	1	2.6	0.74	13.2	17.7
chr2	198238759	198238880	NOTCH2NLC-NBPF19_90_Het	AG	61.0	1	2.6	0.74	13.2	67.6
chrY	28817199	28817342	NOTCH2NLC-NBPF19_90_Het	ACTCC	28.6	11	2.6	0.74	84.4	45.5
chr5	174238525	174238635	NOTCH2NLC-NBPF19_90_Het	ATCC	27.5	1	2.6	0.74	13.2	30.8
chr7	57556543	57556601	NOTCH2NLC-NBPF19_90_Het	AATGG	11.6	1	2.5	0.74	13.2	14.2
chr7	57555604	57555737	NOTCH2NLC-NBPF19_90_Het	AATGG	28.2	1	2.5	0.74	13.2	30.8
chr9	33939751	33939915	NOTCH2NLC-NBPF19_90_Het	AGG	55.3	1	2.5	0.74	13.2	59.7
chrY	28791648	28791843	NOTCH2NLC-NBPF19_90_Het	ACTCC	39.0	1	2.5	0.74	13.2	41.6
chr4	75279260	75279438	NOTCH2NLC-NBPF19_90_Het	AAGGC	35.6	1	2.5	0.74	13.2	38.2
chr16	82237230	82237341	NOTCH2NLC-NBPF19_90_Het	AAGG	27.8	1	2.5	0.74	13.2	31.1
chr14	90191547	90191582	NOTCH2NLC-NBPF19_90_Het	AAAAG	7.4	1	2.5	0.74	13.2	10.0
chr10	133968333	133968383	NOTCH2NLC-NBPF19_90_Het	ACC	16.7	1	2.5	0.74	13.2	21.1
chr19	8787826	8788528	NOTCH2NLC-NBPF19_90_Het	ATCC	175.5	1	2.5	0.74	13.2	178.8
chrY	28818182	28819061	NOTCH2NLC-NBPF19_90_Het	AATGG	176.6	1	2.5	0.74	13.2	179.2
chr15	70285576	70285963	NOTCH2NLC-NBPF19_90_Het	AAAG	96.8	1	2.5	0.74	13.2	100.1
chr2	174602460	174603144	NOTCH2NLC-NBPF19_90_Het	AAGG	172.8	1	2.5	0.74	13.2	176.1
chr20	57405235	57405768	NOTCH2NLC-NBPF19_90_Het	ACC	183.3	1	2.5	0.74	13.2	187.7
chr13	53908426	53908525	NOTCH2NLC-NBPF19_90_Het	AAAG	24.8	1	2.5	0.74	13.2	28.1
chrX	146727441	146727538	NOTCH2NLC-NBPF19_90_Het	AC	48.5	1	2.5	0.74	13.2	55.1
chr18	74970392	74971623	NOTCH2NLC-NBPF19_90_Het	ACC	408.3	1	2.5	0.74	13.2	412.7
chr8	52609365	52609399	NOTCH2NLC-NBPF19_90_Het	AC	17.0	1	2.5	0.74	13.2	23.6
chr2	91997934	91997968	NOTCH2NLC-NBPF19_90_Het	CCG	11.3	1	2.5	0.74	13.2	15.7
chrY	1541845	1541953	NOTCH2NLC-NBPF19_90_Het	ACCC	27.8	1	2.5	0.74	13.2	31.1
chr7	82022427	82022495	NOTCH2NLC-NBPF19_90_Het	AGGG	17.0	1	2.5	0.74	13.2	20.3
chr12	104047297	104047817	NOTCH2NLC-NBPF19_90_Het	ATCC	125.0	1	2.5	0.74	13.2	128.3
chr4	6171688	6172296	NOTCH2NLC-NBPF19_90_Het	ACC	202.7	1	2.5	0.74	13.2	207.1
chr20	44651578	44651670	NOTCH2NLC-NBPF19_90_Het	AGG	31.0	1	2.5	0.74	13.2	35.4
chr7	57556663	57556823	NOTCH2NLC-NBPF19_90_Het	AATGG	32.0	1	2.5	0.74	13.2	34.6
chr11	3684232	3684391	NOTCH2NLC-NBPF19_90_Het	AGATG	33.2	1	2.5	0.74	13.2	35.8
chr19	48609043	48609205	NOTCH2NLC-NBPF19_90_Het	AGGG	39.8	1	2.4	0.74	13.2	43.1
chr12	47799069	47799094	NOTCH2NLC-NBPF19_90_Het	A	25.0	1	2.4	0.74	13.2	38.2
chr2	212193095	212193122	NOTCH2NLC-NBPF19_90_Het	A	27.0	1	2.4	0.74	13.2	40.2
chr3	178810013	178810042	NOTCH2NLC-NBPF19_90_Het	A	29.0	1	2.4	0.74	13.2	42.2
chrX	62637350	62637382	NOTCH2NLC-NBPF19_90_Het	A	32.0	1	2.4	0.74	13.2	45.2
chr8	142837375	142837586	NOTCH2NLC-NBPF19_90_Het	ACCATC	35.7	1	2.4	0.74	13.2	37.9
chr10	3986185	3986375	NOTCH2NLC-NBPF19_90_Het	AACCCT	30.5	1	2.4	0.74	13.2	32.7
chr7	57551832	57552014	NOTCH2NLC-NBPF19_90_Het	AATGG	36.4	1	2.4	0.74	13.2	39.0
chr20	7884092	7884549	NOTCH2NLC-NBPF19_90_Het	ACC	151.7	1	2.4	0.74	13.2	156.1
chr7	71852175	71852294	NOTCH2NLC-NBPF19_90_Het	AGGG	28.8	1	2.4	0.74	13.2	32.1
chr5	176981490	176981532	NOTCH2NLC-NBPF19_90_Het	CCG	14.0	1	2.4	0.74	13.2	18.4
chr1	207360457	207360571	NOTCH2NLC-NBPF19_90_Het	AAAAG	22.8	1	2.4	0.74	13.2	25.4
chr19	727161	727395	NOTCH2NLC-NBPF19_90_Het	ACCCTG	39.7	1	2.4	0.74	13.2	41.9
chr16	33864971	33865174	NOTCH2NLC-NBPF19_90_Het	AATGG	40.6	1	2.4	0.74	13.2	43.2
chr7	61739560	61739681	NOTCH2NLC-NBPF19_90_Het	AATGG	24.2	1	2.4	0.74	13.2	26.8
chr12	113953968	113954090	NOTCH2NLC-NBPF19_90_Het	AGGG	30.5	1	2.4	0.74	13.2	33.8
chrY	58977344	58977449	NOTCH2NLC-NBPF19_90_Het	AATGG	21.0	1	2.4	0.74	13.2	23.6
chr1	190740018	190740048	NOTCH2NLC-NBPF19_90_Het	A	30.0	1	2.4	0.74	13.2	43.2
chr3	175743780	175743850	NOTCH2NLC-NBPF19_90_Het	AG	35.0	1	2.4	0.74	13.2	41.6
chrY	28794978	28795141	NOTCH2NLC-NBPF19_90_Het	ACTCC	32.6	1	2.4	0.74	13.2	35.2
chr8	40650158	40650286	NOTCH2NLC-NBPF19_90_Het	AGGGG	25.6	1	2.4	0.74	13.2	28.2
chr5	180849115	180849144	NOTCH2NLC-NBPF19_90_Het	A	29.0	1	2.4	0.74	13.2	42.2
chr1	225266470	225266600	NOTCH2NLC-NBPF19_90_Het	AG	65.0	1	2.3	0.74	13.2	71.6
chr20	20239889	20239916	NOTCH2NLC-NBPF19_90_Het	A	27.0	1	2.3	0.74	13.2	40.2
chrY	28803941	28804106	NOTCH2NLC-NBPF19_90_Het	ACTCC	33.0	1	2.3	0.74	13.2	35.6
chr15	68561936	68561961	NOTCH2NLC-NBPF19_90_Het	A	25.0	1	2.3	0.74	13.2	38.2
chr1	19326384	19326540	NOTCH2NLC-NBPF19_90_Het	AAG	52.0	1	2.3	0.74	13.2	56.4
chr22	49638783	49639345	NOTCH2NLC-NBPF19_90_Het	ATCC	140.5	1	2.3	0.74	13.2	143.8
chr1	142538809	142539109	NOTCH2NLC-NBPF19_90_Het	AATGG	60.0	1	2.3	0.74	13.2	62.6
chr1	170356105	170356133	NOTCH2NLC-NBPF19_90_Het	A	28.0	1	2.3	0.74	13.2	41.2
chr1	195894089	195894133	NOTCH2NLC-NBPF19_90_Het	A	44.0	1	2.3	0.74	13.2	57.2
chr1	221326821	221326846	NOTCH2NLC-NBPF19_90_Het	A	25.0	1	2.3	0.74	13.2	38.2
chr1	22365838	22365870	NOTCH2NLC-NBPF19_90_Het	A	32.0	1	2.3	0.74	13.2	45.2
chr1	23555109	23555163	NOTCH2NLC-NBPF19_90_Het	A	54.0	1	2.3	0.74	13.2	67.2
chr1	248739402	248739431	NOTCH2NLC-NBPF19_90_Het	A	29.0	1	2.3	0.74	13.2	42.2
chr10	60737477	60737515	NOTCH2NLC-NBPF19_90_Het	A	38.0	1	2.3	0.74	13.2	51.2
chr10	73292452	73292504	NOTCH2NLC-NBPF19_90_Het	A	52.0	1	2.3	0.74	13.2	65.2
chr10	89056160	89056185	NOTCH2NLC-NBPF19_90_Het	A	25.0	1	2.3	0.74	13.2	38.2
chr10	89201299	89201327	NOTCH2NLC-NBPF19_90_Het	A	28.0	1	2.3	0.74	13.2	41.2
chr11	134946457	134946516	NOTCH2NLC-NBPF19_90_Het	AACCCT	9.8	1	2.3	0.74	13.2	12.0
chr11	41073070	41073103	NOTCH2NLC-NBPF19_90_Het	A	33.0	1	2.3	0.74	13.2	46.2
chr11	46549027	46549054	NOTCH2NLC-NBPF19_90_Het	A	27.0	1	2.3	0.74	13.2	40.2
chr11	55745857	55745900	NOTCH2NLC-NBPF19_90_Het	A	43.0	1	2.3	0.74	13.2	56.2
chr11	55812431	55812469	NOTCH2NLC-NBPF19_90_Het	A	38.0	1	2.3	0.74	13.2	51.2
chr11	74838438	74838591	NOTCH2NLC-NBPF19_90_Het	AAAG	38.0	1	2.3	0.74	13.2	41.3
chr11	84572662	84572695	NOTCH2NLC-NBPF19_90_Het	A	33.0	1	2.3	0.74	13.2	46.2
chr11	96849112	96849137	NOTCH2NLC-NBPF19_90_Het	A	25.0	1	2.3	0.74	13.2	38.2
chr12	125221068	125221380	NOTCH2NLC-NBPF19_90_Het	ACCC	78.2	1	2.3	0.74	13.2	81.5
chr12	133781730	133781759	NOTCH2NLC-NBPF19_90_Het	A	29.0	1	2.3	0.74	13.2	42.2
chr12	52033996	52034037	NOTCH2NLC-NBPF19_90_Het	A	41.0	1	2.3	0.74	13.2	54.2
chr13	70658754	70658780	NOTCH2NLC-NBPF19_90_Het	A	26.0	1	2.3	0.74	13.2	39.2
chr14	104669987	104671335	NOTCH2NLC-NBPF19_90_Het	ATCC	338.2	1	2.3	0.74	13.2	341.5
chr14	50379385	50379437	NOTCH2NLC-NBPF19_90_Het	A	52.0	1	2.3	0.74	13.2	65.2
chr14	63307220	63307307	NOTCH2NLC-NBPF19_90_Het	A	87.0	1	2.3	0.74	13.2	100.2
chr14	69315574	69315602	NOTCH2NLC-NBPF19_90_Het	A	28.0	1	2.3	0.74	13.2	41.2
chr14	85663727	85663766	NOTCH2NLC-NBPF19_90_Het	A	39.0	1	2.3	0.74	13.2	52.2
chr15	22552791	22552817	NOTCH2NLC-NBPF19_90_Het	A	26.0	1	2.3	0.74	13.2	39.2
chr15	40910173	40910212	NOTCH2NLC-NBPF19_90_Het	A	39.0	1	2.3	0.74	13.2	52.2
chr16	33901555	33901687	NOTCH2NLC-NBPF19_90_Het	AATGG	26.4	1	2.3	0.74	13.2	29.0
chr16	53007301	53007328	NOTCH2NLC-NBPF19_90_Het	A	27.0	1	2.3	0.74	13.2	40.2
chr16	75383548	75383589	NOTCH2NLC-NBPF19_90_Het	A	41.0	1	2.3	0.74	13.2	54.2
chr18	27085666	27085708	NOTCH2NLC-NBPF19_90_Het	A	42.0	1	2.3	0.74	13.2	55.2
chr18	77422927	77422954	NOTCH2NLC-NBPF19_90_Het	A	27.0	1	2.3	0.74	13.2	40.2
chr19	8493533	8493567	NOTCH2NLC-NBPF19_90_Het	A	34.0	1	2.3	0.74	13.2	47.2
chr2	217201465	217201490	NOTCH2NLC-NBPF19_90_Het	A	25.0	1	2.3	0.74	13.2	38.2
chr2	220230014	220230053	NOTCH2NLC-NBPF19_90_Het	A	39.0	1	2.3	0.74	13.2	52.2
chr2	72994937	72994962	NOTCH2NLC-NBPF19_90_Het	A	25.0	1	2.3	0.74	13.2	38.2
chr2	77891055	77891098	NOTCH2NLC-NBPF19_90_Het	A	43.0	1	2.3	0.74	13.2	56.2
chr20	3466257	3466286	NOTCH2NLC-NBPF19_90_Het	A	29.0	1	2.3	0.74	13.2	42.2
chr21	22766789	22766826	NOTCH2NLC-NBPF19_90_Het	A	37.0	1	2.3	0.74	13.2	50.2
chr22	37721753	37721825	NOTCH2NLC-NBPF19_90_Het	A	72.0	1	2.3	0.74	13.2	85.2
chr3	119214072	119214109	NOTCH2NLC-NBPF19_90_Het	A	37.0	1	2.3	0.74	13.2	50.2
chr3	131129821	131129873	NOTCH2NLC-NBPF19_90_Het	A	52.0	1	2.3	0.74	13.2	65.2
chr3	16249008	16249050	NOTCH2NLC-NBPF19_90_Het	A	42.0	1	2.3	0.74	13.2	55.2
chr3	31532889	31532927	NOTCH2NLC-NBPF19_90_Het	A	38.0	1	2.3	0.74	13.2	51.2
chr3	32569604	32569636	NOTCH2NLC-NBPF19_90_Het	A	32.0	1	2.3	0.74	13.2	45.2
chr4	113804174	113804212	NOTCH2NLC-NBPF19_90_Het	A	38.0	1	2.3	0.74	13.2	51.2
chr4	6338360	6338655	NOTCH2NLC-NBPF19_90_Het	AGGG	73.8	1	2.3	0.74	13.2	77.1
chr5	116852031	116852064	NOTCH2NLC-NBPF19_90_Het	A	33.0	1	2.3	0.74	13.2	46.2
chr5	176691029	176691055	NOTCH2NLC-NBPF19_90_Het	A	26.0	1	2.3	0.74	13.2	39.2
chr5	38994521	38994554	NOTCH2NLC-NBPF19_90_Het	A	33.0	1	2.3	0.74	13.2	46.2
chr6	120824285	120824314	NOTCH2NLC-NBPF19_90_Het	A	29.0	1	2.3	0.74	13.2	42.2
chr6	135103729	135103769	NOTCH2NLC-NBPF19_90_Het	A	40.0	1	2.3	0.74	13.2	53.2
chr6	152575379	152575404	NOTCH2NLC-NBPF19_90_Het	A	25.0	1	2.3	0.74	13.2	38.2
chr6	62640428	62640472	NOTCH2NLC-NBPF19_90_Het	A	44.0	1	2.3	0.74	13.2	57.2
chr6	81391460	81391499	NOTCH2NLC-NBPF19_90_Het	A	39.0	1	2.3	0.74	13.2	52.2
chr7	2991166	2991200	NOTCH2NLC-NBPF19_90_Het	A	34.0	1	2.3	0.74	13.2	47.2
chr7	40285022	40285056	NOTCH2NLC-NBPF19_90_Het	A	34.0	1	2.3	0.74	13.2	47.2
chr7	8192170	8192528	NOTCH2NLC-NBPF19_90_Het	ACC	119.3	1	2.3	0.74	13.2	123.7
chr8	101133030	101133065	NOTCH2NLC-NBPF19_90_Het	A	35.0	1	2.3	0.74	13.2	48.2
chr8	23429716	23429761	NOTCH2NLC-NBPF19_90_Het	A	45.0	1	2.3	0.74	13.2	58.2
chr8	40276634	40276660	NOTCH2NLC-NBPF19_90_Het	A	26.0	1	2.3	0.74	13.2	39.2
chr8	87463443	87463482	NOTCH2NLC-NBPF19_90_Het	A	39.0	1	2.3	0.74	13.2	52.2
chr9	36347117	36347146	NOTCH2NLC-NBPF19_90_Het	C	29.0	1	2.3	0.74	13.2	42.2
chr9	7266017	7266059	NOTCH2NLC-NBPF19_90_Het	A	42.0	1	2.3	0.74	13.2	55.2
chr9	99639225	99639286	NOTCH2NLC-NBPF19_90_Het	A	61.0	1	2.3	0.74	13.2	74.2
chrX	12005217	12005248	NOTCH2NLC-NBPF19_90_Het	A	31.0	1	2.3	0.74	13.2	44.2
chrX	139346947	139346974	NOTCH2NLC-NBPF19_90_Het	A	27.0	1	2.3	0.74	13.2	40.2
chrX	150872329	150872385	NOTCH2NLC-NBPF19_90_Het	A	56.0	1	2.3	0.74	13.2	69.2
chrX	82977278	82977320	NOTCH2NLC-NBPF19_90_Het	A	42.0	1	2.3	0.74	13.2	55.2
chrY	15866268	15866311	NOTCH2NLC-NBPF19_90_Het	A	43.0	1	2.3	0.74	13.2	56.2
chrY	22802868	22802900	NOTCH2NLC-NBPF19_90_Het	A	32.0	1	2.3	0.74	13.2	45.2
chrY	26841568	26841618	NOTCH2NLC-NBPF19_90_Het	A	50.0	1	2.3	0.74	13.2	63.2
chr2	111878543	111878598	NOTCH2NLC-NBPF19_90_Het	CCG	18.3	1	2.3	0.74	13.2	22.7
chr7	148956004	148956029	NOTCH2NLC-NBPF19_90_Het	A	25.0	1	2.3	0.74	13.2	38.2
chrX	30806670	30824818	NOTCH2NLC-NBPF19_90_Het	AAGGC	3329.4	1	2.3	0.74	13.2	3332.0
chr1	142540963	142541061	NOTCH2NLC-NBPF19_90_Het	AATGG	19.6	1	2.3	0.74	13.2	22.2
chr17	75465846	75465906	NOTCH2NLC-NBPF19_90_Het	ACCC	15.0	1	2.3	0.74	13.2	18.3
chr19	18764952	18764999	NOTCH2NLC-NBPF19_90_Het	ACCC	11.8	1	2.3	0.74	13.2	15.1
chr3	124890755	124890824	NOTCH2NLC-NBPF19_90_Het	A	69.0	1	2.3	0.74	13.2	82.2
chr14	78424158	78424185	NOTCH2NLC-NBPF19_90_Het	AGGG	6.8	1	2.3	0.74	13.2	10.1
chr12	124054048	124054116	NOTCH2NLC-NBPF19_90_Het	ACTCT	13.6	1	2.3	0.74	13.2	16.2
chr19	49685203	49685758	NOTCH2NLC-NBPF19_90_Het	ATCC	138.5	1	2.2	0.74	13.2	141.8
chr1	240440825	240440850	NOTCH2NLC-NBPF19_90_Het	A	25.0	1	2.2	0.74	13.2	38.2
chr1	142537574	142537908	NOTCH2NLC-NBPF19_90_Het	AATGG	67.0	1	2.2	0.74	13.2	69.6
chrY	58977529	58977666	NOTCH2NLC-NBPF19_90_Het	AATGG	27.6	1	2.2	0.74	13.2	30.2
chr12	66451372	66451462	NOTCH2NLC-NBPF19_90_Het	A	90.0	9	2.2	0.74	69.9	159.9
chr9	91124286	91124329	NOTCH2NLC-NBPF19_90_Het	A	43.0	1	2.2	0.74	13.2	56.2
chr4	3676599	3676864	NOTCH2NLC-NBPF19_90_Het	AGGG	66.8	1	2.2	0.74	13.2	70.1
chrY	58978425	58978537	NOTCH2NLC-NBPF19_90_Het	AATGG	22.4	1	2.2	0.74	13.2	25.0
chr22	48599488	48600198	NOTCH2NLC-NBPF19_90_Het	AGAT	180.0	3	2.2	0.74	27.1	186.8
chr21	21862855	21863001	NOTCH2NLC-NBPF19_90_Het	AAAAT	29.0	1	2.2	0.74	13.2	31.6
chr6	20732462	20732516	NOTCH2NLC-NBPF19_90_Het	A	54.0	1	2.2	0.74	13.2	67.2
chr10	39113854	39154898	NOTCH2NLC-NBPF19_90_Het	AATGG	8212.8	26	2.2	0.74	195.3	8251.9
chr1	142540810	142540951	NOTCH2NLC-NBPF19_90_Het	ACTCC	28.2	1	2.2	0.74	13.2	30.8
chr1	236052943	236052972	NOTCH2NLC-NBPF19_90_Het	A	29.0	1	2.2	0.74	13.2	42.2
chr10	102074722	102074876	NOTCH2NLC-NBPF19_90_Het	AAGGG	33.0	1	2.2	0.74	13.2	35.6
chr10	113264702	113264731	NOTCH2NLC-NBPF19_90_Het	A	29.0	1	2.2	0.74	13.2	42.2
chr10	128165645	128165687	NOTCH2NLC-NBPF19_90_Het	A	42.0	1	2.2	0.74	13.2	55.2
chr10	34736408	34736447	NOTCH2NLC-NBPF19_90_Het	A	39.0	1	2.2	0.74	13.2	52.2
chr11	110160681	110160707	NOTCH2NLC-NBPF19_90_Het	A	26.0	1	2.2	0.74	13.2	39.2
chr11	132845424	132845478	NOTCH2NLC-NBPF19_90_Het	A	54.0	1	2.2	0.74	13.2	67.2
chr11	45424743	45424780	NOTCH2NLC-NBPF19_90_Het	A	37.0	1	2.2	0.74	13.2	50.2
chr11	89495658	89495726	NOTCH2NLC-NBPF19_90_Het	A	68.0	1	2.2	0.74	13.2	81.2
chr12	50635716	50635755	NOTCH2NLC-NBPF19_90_Het	A	39.0	1	2.2	0.74	13.2	52.2
chr12	79152282	79152342	NOTCH2NLC-NBPF19_90_Het	AATGT	12.0	1	2.2	0.74	13.2	14.6
chr13	106606186	106606225	NOTCH2NLC-NBPF19_90_Het	A	39.0	1	2.2	0.74	13.2	52.2
chr13	23318220	23318270	NOTCH2NLC-NBPF19_90_Het	A	50.0	1	2.2	0.74	13.2	63.2
chr13	82966823	82966848	NOTCH2NLC-NBPF19_90_Het	A	25.0	1	2.2	0.74	13.2	38.2
chr14	32622612	32622652	NOTCH2NLC-NBPF19_90_Het	A	40.0	1	2.2	0.74	13.2	53.2
chr16	1043560	1044300	NOTCH2NLC-NBPF19_90_Het	ACCC	185.8	1	2.2	0.74	13.2	189.1
chr16	64364762	64364808	NOTCH2NLC-NBPF19_90_Het	A	46.0	1	2.2	0.74	13.2	59.2
chr18	45232570	45232607	NOTCH2NLC-NBPF19_90_Het	A	37.0	1	2.2	0.74	13.2	50.2
chr18	50617068	50617104	NOTCH2NLC-NBPF19_90_Het	A	36.0	1	2.2	0.74	13.2	49.2
chr19	39720792	39720869	NOTCH2NLC-NBPF19_90_Het	AAAGG	15.4	1	2.2	0.74	13.2	18.0
chr2	123706110	123706151	NOTCH2NLC-NBPF19_90_Het	A	41.0	1	2.2	0.74	13.2	54.2
chr2	232443543	232444532	NOTCH2NLC-NBPF19_90_Het	ACCATC	164.8	1	2.2	0.74	13.2	167.0
chr2	90394360	90394491	NOTCH2NLC-NBPF19_90_Het	AATGG	26.2	1	2.2	0.74	13.2	28.8
chr21	38789795	38789856	NOTCH2NLC-NBPF19_90_Het	A	61.0	1	2.2	0.74	13.2	74.2
chr22	41087349	41087407	NOTCH2NLC-NBPF19_90_Het	A	58.0	1	2.2	0.74	13.2	71.2
chr3	100588174	100588200	NOTCH2NLC-NBPF19_90_Het	A	26.0	1	2.2	0.74	13.2	39.2
chr3	136259664	136259694	NOTCH2NLC-NBPF19_90_Het	A	30.0	1	2.2	0.74	13.2	43.2
chr3	171082950	171082988	NOTCH2NLC-NBPF19_90_Het	A	38.0	1	2.2	0.74	13.2	51.2
chr3	28014011	28014038	NOTCH2NLC-NBPF19_90_Het	A	27.0	1	2.2	0.74	13.2	40.2
chr4	66767913	66767940	NOTCH2NLC-NBPF19_90_Het	A	27.0	1	2.2	0.74	13.2	40.2
chr4	89982730	89982760	NOTCH2NLC-NBPF19_90_Het	A	30.0	1	2.2	0.74	13.2	43.2
chr5	160843702	160843731	NOTCH2NLC-NBPF19_90_Het	A	29.0	1	2.2	0.74	13.2	42.2
chr5	2281437	2281476	NOTCH2NLC-NBPF19_90_Het	ACCC	9.8	1	2.2	0.74	13.2	13.1
chr5	24984894	24984933	NOTCH2NLC-NBPF19_90_Het	A	39.0	1	2.2	0.74	13.2	52.2
chr5	70250679	70250734	NOTCH2NLC-NBPF19_90_Het	A	55.0	1	2.2	0.74	13.2	68.2
chr5	98871872	98871898	NOTCH2NLC-NBPF19_90_Het	A	26.0	1	2.2	0.74	13.2	39.2
chr6	124962676	124962715	NOTCH2NLC-NBPF19_90_Het	A	39.0	1	2.2	0.74	13.2	52.2
chr6	4006082	4006120	NOTCH2NLC-NBPF19_90_Het	A	38.0	1	2.2	0.74	13.2	51.2
chr6	63906553	63906589	NOTCH2NLC-NBPF19_90_Het	A	36.0	1	2.2	0.74	13.2	49.2
chr6	99867028	99867066	NOTCH2NLC-NBPF19_90_Het	A	38.0	1	2.2	0.74	13.2	51.2
chr7	24677936	24677967	NOTCH2NLC-NBPF19_90_Het	A	31.0	1	2.2	0.74	13.2	44.2
chr7	78156323	78156365	NOTCH2NLC-NBPF19_90_Het	A	42.0	1	2.2	0.74	13.2	55.2
chr7	81609488	81609516	NOTCH2NLC-NBPF19_90_Het	A	28.0	1	2.2	0.74	13.2	41.2
chr7	98408611	98409260	NOTCH2NLC-NBPF19_90_Het	ACC	211.3	1	2.2	0.74	13.2	215.7
chr8	121666279	121666311	NOTCH2NLC-NBPF19_90_Het	A	32.0	1	2.2	0.74	13.2	45.2
chr8	23098880	23098907	NOTCH2NLC-NBPF19_90_Het	A	27.0	1	2.2	0.74	13.2	40.2
chr8	4222346	4222394	NOTCH2NLC-NBPF19_90_Het	A	48.0	1	2.2	0.74	13.2	61.2
chr8	76017306	76017517	NOTCH2NLC-NBPF19_90_Het	AAAGG	42.2	1	2.2	0.74	13.2	44.8
chr9	122136000	122136041	NOTCH2NLC-NBPF19_90_Het	A	41.0	1	2.2	0.74	13.2	54.2
chr9	131323941	131323967	NOTCH2NLC-NBPF19_90_Het	A	26.0	1	2.2	0.74	13.2	39.2
chr9	7194771	7195170	NOTCH2NLC-NBPF19_90_Het	ATCC	99.8	1	2.2	0.74	13.2	103.1
chr9	7530390	7530425	NOTCH2NLC-NBPF19_90_Het	A	35.0	1	2.2	0.74	13.2	48.2
chr9	78526117	78526148	NOTCH2NLC-NBPF19_90_Het	A	31.0	1	2.2	0.74	13.2	44.2
chr9	85193511	85193555	NOTCH2NLC-NBPF19_90_Het	A	44.0	1	2.2	0.74	13.2	57.2
chr9	8964192	8964217	NOTCH2NLC-NBPF19_90_Het	A	25.0	1	2.2	0.74	13.2	38.2
chrX	155238523	155239115	NOTCH2NLC-NBPF19_90_Het	AC	296.0	1	2.2	0.74	13.2	302.6
chrX	57708564	57708601	NOTCH2NLC-NBPF19_90_Het	A	37.0	1	2.2	0.74	13.2	50.2
chrY	18008645	18008705	NOTCH2NLC-NBPF19_90_Het	A	60.0	1	2.2	0.74	13.2	73.2
chrY	28799498	28799560	NOTCH2NLC-NBPF19_90_Het	ACTCC	12.4	1	2.2	0.74	13.2	15.0
chr11	64362099	64363939	NOTCH2NLC-NBPF19_90_Het	ATCC	449.2	1	2.2	0.74	13.2	452.5
chr5	180061800	180063013	NOTCH2NLC-NBPF19_90_Het	ATCC	303.5	1	2.2	0.74	13.2	306.8
chr1	21116170	21116197	NOTCH2NLC-NBPF19_90_Het	A	27.0	1	2.2	0.74	13.2	40.2
chr1	177517818	177517852	NOTCH2NLC-NBPF19_90_Het	AAATG	7.0	1	2.2	0.74	13.2	9.6
chr2	189959314	189959373	NOTCH2NLC-NBPF19_90_Het	AC	29.5	7	2.1	0.74	55.5	57.2
chr1	4363133	4363372	NOTCH2NLC-NBPF19_90_Het	AATGG	47.8	1	2.1	0.74	13.2	50.4
chrY	7483026	7483055	NOTCH2NLC-NBPF19_90_Het	A	29.0	1	2.1	0.74	13.2	42.2
chr7	92578524	92578551	NOTCH2NLC-NBPF19_90_Het	A	27.0	1	2.1	0.74	13.2	40.2
chr4	84105751	84105777	NOTCH2NLC-NBPF19_90_Het	A	26.0	1	2.1	0.74	13.2	39.2
chr1	142539214	142539438	NOTCH2NLC-NBPF19_90_Het	AATGG	44.8	1	2.1	0.74	13.2	47.4
chr1	146380171	146380302	NOTCH2NLC-NBPF19_90_Het	AGGG	32.8	1	2.1	0.74	13.2	36.1
chr12	42569542	42569572	NOTCH2NLC-NBPF19_90_Het	A	30.0	1	2.1	0.74	13.2	43.2
chr18	13822936	13823343	NOTCH2NLC-NBPF19_90_Het	ACCC	101.5	1	2.1	0.74	13.2	104.8
chr3	188473597	188473667	NOTCH2NLC-NBPF19_90_Het	A	70.0	1	2.1	0.74	13.2	83.2
chr1	32010880	32012185	NOTCH2NLC-NBPF19_90_Het	ATCC	326.8	1	2.0	0.74	13.2	330.1
chr9	141127098	141127856	NOTCH2NLC-NBPF19_90_Het	AACCCT	120.8	1	2.0	0.74	13.2	123.0
chr11	43007744	43007776	NOTCH2NLC-NBPF19_90_Het	A	32.0	1	2.0	0.74	13.2	45.2
chr11	128786077	128786267	NOTCH2NLC-NBPF19_90_Het	ATCC	47.5	1	2.0	0.74	13.2	50.8
chr7	57555799	57556416	NOTCH2NLC-NBPF19_90_Het	AATGG	122.8	1	2.0	0.74	13.2	125.4
chr1	142540419	142540686	NOTCH2NLC-NBPF19_90_Het	AATGG	53.4	1	2.0	0.74	13.2	56.0
chrY	58976692	58977017	NOTCH2NLC-NBPF19_90_Het	AATGG	65.0	1	2.0	0.74	13.2	67.6
chr19	15388916	15388951	NOTCH2NLC-NBPF19_90_Het	A	35.0	1	2.0	0.74	13.2	48.2
chr12	40007187	40007219	NOTCH2NLC-NBPF19_90_Het	A	32.0	1	2.0	0.74	13.2	45.2
chrY	28804386	28804463	NOTCH2NLC-NBPF19_90_Het	ACTCC	15.4	1	2.0	0.74	13.2	18.0
chr17	63195606	63195631	NOTCH2NLC-NBPF19_90_Het	A	25.0	1	2.0	0.74	13.2	38.2
chr4	5708020	5708207	NOTCH2NLC-NBPF19_90_Het	AGAT	46.8	1	2.0	0.74	13.2	50.1
chr10	65464966	65464992	NOTCH2NLC-NBPF19_90_Het	A	26.0	1	2.0	0.74	13.2	39.2
chr6	23686290	23686324	NOTCH2NLC-NBPF19_90_Het	A	34.0	1	2.0	0.74	13.2	47.2
chrX	29600466	29600522	NOTCH2NLC-NBPF19_90_Het	A	56.0	1	2.0	0.74	13.2	69.2
chr2	182140518	182140585	NOTCH2NLC-NBPF19_90_Het	AACCCT	11.2	10	2.0	0.74	77.1	24.1
chr8	58440091	58440183	NOTCH2NLC-NBPF19_90_Het	AAGG	23.0	1	1.9	0.74	13.2	26.3
chr12	112646697	112646723	NOTCH2NLC-NBPF19_90_Het	A	26.0	1	1.9	0.74	13.2	39.2
chr14	100202757	100202789	NOTCH2NLC-NBPF19_90_Het	A	32.0	1	1.9	0.74	13.2	45.2
chr20	49367491	49367523	NOTCH2NLC-NBPF19_90_Het	A	32.0	11	1.9	0.74	84.4	116.4
chr1	78594425	78594461	NOTCH2NLC-NBPF19_90_Het	AACCCT	6.0	1	1.8	0.74	13.2	8.2
chr5	57686081	57686107	NOTCH2NLC-NBPF19_90_Het	A	26.0	1	1.8	0.74	13.2	39.2
chr12	131397811	131397849	NOTCH2NLC-NBPF19_90_Het	A	38.0	1	1.8	0.74	13.2	51.2
chr3	45768361	45768388	NOTCH2NLC-NBPF19_90_Het	A	27.0	1	1.8	0.74	13.2	40.2
chr5	152416864	152416894	NOTCH2NLC-NBPF19_90_Het	A	30.0	1	1.8	0.74	13.2	43.2
chrY	13449060	13449141	NOTCH2NLC-NBPF19_90_Het	ACTCC	16.2	99	1.8	0.74	756.5	167.5
chr1	150473778	150473808	NOTCH2NLC-NBPF19_90_Het	A	30.0	1	1.8	0.74	13.2	43.2
chrY	13449918	13450114	NOTCH2NLC-NBPF19_90_Het	ACTCC	39.8	27	1.8	0.74	202.7	80.3
chr3	123066883	123066936	NOTCH2NLC-NBPF19_90_Het	AC	26.5	2	1.8	0.74	20.1	36.6
chr12	78538692	78538727	NOTCH2NLC-NBPF19_90_Het	A	35.0	1	1.8	0.74	13.2	48.2
chr17	4365372	4366189	NOTCH2NLC-NBPF19_90_Het	ATCC	204.2	1	1.8	0.74	13.2	207.5
chr1	14979049	14979183	NOTCH2NLC-NBPF19_90_Het	ACCC	33.5	1	1.8	0.74	13.2	36.8
chr10	45040418	45040448	NOTCH2NLC-NBPF19_90_Het	A	30.0	1	1.8	0.74	13.2	43.2
chr5	85156443	85156471	NOTCH2NLC-NBPF19_90_Het	A	28.0	1	1.8	0.74	13.2	41.2
chr8	24946317	24946362	NOTCH2NLC-NBPF19_90_Het	A	45.0	1	1.8	0.74	13.2	58.2
chr19	42874995	42875024	NOTCH2NLC-NBPF19_90_Het	C	29.0	5	1.8	0.74	41.2	70.2
chr1	19387806	19387951	NOTCH2NLC-NBPF19_90_Het	ACC	48.3	1	1.7	0.74	13.2	52.7
chr20	48500726	48500874	NOTCH2NLC-NBPF19_90_Het	AC	71.5	1	1.7	0.74	13.2	78.1
chr1	63848312	63848364	NOTCH2NLC-NBPF19_90_Het	A	52.0	1	1.7	0.74	13.2	65.2
chr10	3261027	3261607	NOTCH2NLC-NBPF19_90_Het	ATCC	144.5	1	1.7	0.74	13.2	147.8
chrY	28792097	28792260	NOTCH2NLC-NBPF19_90_Het	ACTCC	32.6	1	1.7	0.74	13.2	35.2
chrX	146595363	146595393	NOTCH2NLC-NBPF19_90_Het	A	30.0	1	1.7	0.74	13.2	43.2
chrY	13447946	13448355	NOTCH2NLC-NBPF19_90_Het	ACTCC	82.0	99	1.7	0.74	756.5	233.3
chrY	13196092	13196279	NOTCH2NLC-NBPF19_90_Het	ACTCC	37.4	5	1.7	0.74	41.2	45.6
chr21	10085323	10085550	NOTCH2NLC-NBPF19_90_Het	ACTCC	45.4	15	1.7	0.74	113.6	68.1
chr20	43392588	43392896	NOTCH2NLC-NBPF19_90_Het	ATCC	77.0	1	1.7	0.74	13.2	80.3
chr6	90774989	90775018	NOTCH2NLC-NBPF19_90_Het	A	29.0	1	1.7	0.74	13.2	42.2
chr18	48493410	48493439	NOTCH2NLC-NBPF19_90_Het	A	29.0	1	1.7	0.74	13.2	42.2
chr11	70504313	70504425	NOTCH2NLC-NBPF19_90_Het	AC	56.0	1	1.7	0.74	13.2	62.6
chrY	28812505	28812700	NOTCH2NLC-NBPF19_90_Het	ACTCC	39.0	1	1.7	0.74	13.2	41.6
chr2	225864164	225864232	NOTCH2NLC-NBPF19_90_Het	AGGG	17.0	1	1.6	0.74	13.2	20.3
chrY	28806804	28806960	NOTCH2NLC-NBPF19_90_Het	ACTCC	31.2	5	1.6	0.74	41.2	39.4
chrY	1593218	1593832	NOTCH2NLC-NBPF19_90_Het	ATCC	153.5	1	1.6	0.74	13.2	156.8
chr11	99690013	99690069	NOTCH2NLC-NBPF19_90_Het	AGGGG	11.2	1	1.6	0.74	13.2	13.8
chr22	47038789	47039267	NOTCH2NLC-NBPF19_90_Het	ATCC	119.5	4	1.6	0.74	34.1	128.0
chr3	50906332	50906357	NOTCH2NLC-NBPF19_90_Het	A	25.0	5	1.6	0.74	41.2	66.2
chr12	12117547	12117577	NOTCH2NLC-NBPF19_90_Het	A	30.0	1	1.6	0.74	13.2	43.2
chrY	58979970	58980122	NOTCH2NLC-NBPF19_90_Het	AATGG	30.4	1	1.6	0.74	13.2	33.0
chr2	67234368	67234412	NOTCH2NLC-NBPF19_90_Het	A	44.0	1	1.6	0.74	13.2	57.2
chr12	103293636	103293665	NOTCH2NLC-NBPF19_90_Het	A	29.0	2	1.6	0.74	20.1	49.1
chrY	13446804	13446887	NOTCH2NLC-NBPF19_90_Het	AATGG	16.6	1	1.5	0.74	13.2	19.2
chr16	33869869	33870351	NOTCH2NLC-NBPF19_90_Het	AATGG	93.6	3	1.5	0.74	27.1	99.0
chrY	58978799	58979518	NOTCH2NLC-NBPF19_90_Het	AATGG	141.4	4	1.5	0.74	34.1	148.2
chr1	142542588	142542770	NOTCH2NLC-NBPF19_90_Het	ACTCC	36.4	16	1.5	0.74	121.0	60.6
chrX	56803292	56803364	NOTCH2NLC-NBPF19_90_Het	AGG	24.0	4	1.5	0.74	34.1	35.4
chrY	13448566	13448928	NOTCH2NLC-NBPF19_90_Het	ACTCC	72.4	99	1.5	0.74	756.5	223.7
chrY	28805563	28805764	NOTCH2NLC-NBPF19_90_Het	ACTCC	40.2	4	1.5	0.74	34.1	47.0
chr5	161256597	161256641	NOTCH2NLC-NBPF19_90_Het	A	44.0	1	1.5	0.74	13.2	57.2
chr9	45171057	45171085	NOTCH2NLC-NBPF19_90_Het	A	28.0	1	1.4	0.74	13.2	41.2
chr10	39076595	39112939	NOTCH2NLC-NBPF19_90_Het	AATGG	7271.6	8	1.4	0.74	62.7	7284.1
chrY	13137788	13139687	NOTCH2NLC-NBPF19_90_Het	AATGG	375.0	6	1.4	0.74	48.3	384.7
chr1	150896386	150896422	NOTCH2NLC-NBPF19_90_Het	A	36.0	1	1.4	0.74	13.2	49.2
chrX	43839452	43839483	NOTCH2NLC-NBPF19_90_Het	A	31.0	1	1.4	0.74	13.2	44.2
chr1	164017451	164017486	NOTCH2NLC-NBPF19_90_Het	A	35.0	2	1.4	0.74	20.1	55.1
chr5	70632924	70633063	NOTCH2NLC-NBPF19_90_Het	AAAGG	27.8	1	1.4	0.74	13.2	30.4
chr16	9406473	9408228	NOTCH2NLC-NBPF19_90_Het	AGCTC	351.2	3	1.4	0.74	27.1	356.6
chr5	2161235	2161443	NOTCH2NLC-NBPF19_90_Het	ACCC	52.2	1	1.4	0.74	13.2	55.5
chr7	140203681	140203739	NOTCH2NLC-NBPF19_90_Het	A	58.0	7	1.4	0.74	55.5	113.5
chrY	13451581	13451787	NOTCH2NLC-NBPF19_90_Het	ACTCC	41.2	24	1.3	0.74	180.3	77.3
chr3	36307204	36307233	NOTCH2NLC-NBPF19_90_Het	A	29.0	1	1.3	0.74	13.2	42.2
chr16	71659144	71659685	NOTCH2NLC-NBPF19_90_Het	ACCC	136.0	1	1.3	0.74	13.2	139.3
chrX	2124633	2124701	NOTCH2NLC-NBPF19_90_Het	AAAGGG	11.5	1	1.3	0.74	13.2	13.7
chr8	38414095	38414343	NOTCH2NLC-NBPF19_90_Het	AAG	83.0	5	1.3	0.74	41.2	96.7
chrX	107153998	107154068	NOTCH2NLC-NBPF19_90_Het	AAAGG	14.0	5	1.3	0.74	41.2	22.2
chr10	98175473	98175532	NOTCH2NLC-NBPF19_90_Het	AG	29.5	7	1.3	0.74	55.5	57.2
chr6	834342	834462	NOTCH2NLC-NBPF19_90_Het	AAGG	30.2	4	1.3	0.74	34.1	38.7
chr1	142967018	142967135	NOTCH2NLC-NBPF19_90_Het	ACTCC	23.4	1	1.2	0.74	13.2	26.0
chr17	3422613	3423313	NOTCH2NLC-NBPF19_90_Het	ATCC	175.5	3	1.2	0.74	27.1	182.3
chr21	10087528	10087740	NOTCH2NLC-NBPF19_90_Het	ACTCC	42.4	29	1.2	0.74	217.7	85.9
chr4	49275710	49275762	NOTCH2NLC-NBPF19_90_Het	A	52.0	3	1.2	0.74	27.1	79.1
chr20	13828845	13829265	NOTCH2NLC-NBPF19_90_Het	AAG	139.7	1	1.2	0.74	13.2	144.1
chr5	105835818	105835858	NOTCH2NLC-NBPF19_90_Het	A	40.0	8	1.2	0.74	62.7	102.7
chr6	153256537	153256593	NOTCH2NLC-NBPF19_90_Het	A	56.0	1	1.1	0.74	13.2	69.2
chrX	100748997	100749126	NOTCH2NLC-NBPF19_90_Het	AGCCCC	21.5	26	1.1	0.74	195.3	54.0
chr2	112852742	112852789	NOTCH2NLC-NBPF19_90_Het	A	47.0	12	1.1	0.74	91.7	138.7
chr11	61158724	61158754	NOTCH2NLC-NBPF19_90_Het	C	30.0	11	1.1	0.74	84.4	114.4
chr7	97872200	97872450	NOTCH2NLC-NBPF19_90_Het	ACCC	63.0	4	1.1	0.74	34.1	71.5
chr12	130313222	130313348	NOTCH2NLC-NBPF19_90_Het	AGGG	31.8	3	1.1	0.74	27.1	38.6
chr4	49093265	49158615	NOTCH2NLC-NBPF19_90_Het	AATGG	13076.4	719	1.1	0.74	5829.8	14242.4
chr4	49633314	49660085	NOTCH2NLC-NBPF19_90_Het	AATGG	5356.8	137	1.1	0.74	1055.6	5567.9
chrY	25505124	25505163	NOTCH2NLC-NBPF19_90_Het	A	39.0	1	1.1	0.74	13.2	52.2
chr4	124598487	124598513	NOTCH2NLC-NBPF19_90_Het	A	26.0	5	1.1	0.74	41.2	67.2
chr2	18127660	18128156	NOTCH2NLC-NBPF19_90_Het	AGGG	120.8	2	1.1	0.74	20.1	125.8
chr15	41324110	41324315	NOTCH2NLC-NBPF19_90_Het	ACAGC	41.0	1	1.0	0.74	13.2	43.6
chr16	33887553	33887959	NOTCH2NLC-NBPF19_90_Het	AATGG	81.2	4	1.0	0.74	34.1	88.0
chrY	58981762	58981865	NOTCH2NLC-NBPF19_90_Het	ACTCC	20.6	37	1.0	0.74	278.0	76.2
chr20	35237559	35237659	NOTCH2NLC-NBPF19_90_Het	AC	50.0	10	1.0	0.74	77.1	88.6
chr17	25263014	25263383	NOTCH2NLC-NBPF19_90_Het	ACTCC	73.8	22	1.0	0.74	165.4	106.9
chr5	68274091	68274116	NOTCH2NLC-NBPF19_90_Het	A	25.0	1	1.0	0.74	13.2	38.2
chr16	25884541	25885162	NOTCH2NLC-NBPF19_90_Het	ATCC	154.8	1	1.0	0.74	13.2	158.1
chr14	47195655	47195691	NOTCH2NLC-NBPF19_90_Het	A	36.0	1	1.0	0.74	13.2	49.2
chrY	58980373	58980800	NOTCH2NLC-NBPF19_90_Het	AATGG	85.4	2	1.0	0.74	20.1	89.4
chr1	142539940	142540271	NOTCH2NLC-NBPF19_90_Het	ACTCC	66.0	8	1.0	0.74	62.7	78.5
chr2	109815786	109816307	NOTCH2NLC-NBPF19_90_Het	AATGG	104.4	86	1.0	0.74	655.0	235.4
chr2	55033749	55033781	NOTCH2NLC-NBPF19_90_Het	A	32.0	1	1.0	0.74	13.2	45.2
chr9	78790117	78790226	NOTCH2NLC-NBPF19_90_Het	AATGG	21.8	2	1.0	0.74	20.1	25.8
chr7	64955412	64955532	NOTCH2NLC-NBPF19_90_Het	ACTCC	24.0	3	1.0	0.74	27.1	29.4
chr15	86439511	86440792	NOTCH2NLC-NBPF19_90_Het	AG	642.0	4	1.0	0.74	34.1	659.1
chrX	49784065	49784098	NOTCH2NLC-NBPF19_90_Het	A	33.0	1	1.0	0.74	13.2	46.2
chrY	28817982	28818233	NOTCH2NLC-NBPF19_90_Het	ACTCC	50.2	1	1.0	0.74	13.2	52.8
chr2	3698910	3699032	NOTCH2NLC-NBPF19_90_Het	AC	61.0	3	1.0	0.74	27.1	74.5
chr12	53892692	53892788	NOTCH2NLC-NBPF19_90_Het	AC	48.0	1	1.0	0.74	13.2	54.6
chr1	110755792	110755819	NOTCH2NLC-NBPF19_90_Het	A	27.0	1	1.0	0.74	13.2	40.2
chr7	123961409	123961440	NOTCH2NLC-NBPF19_90_Het	A	31.0	9	1.0	0.74	69.9	100.9
chr20	36822965	36823038	NOTCH2NLC-NBPF19_90_Het	ATCC	18.2	4	0.9	0.74	34.1	26.7
chr13	62201208	62201243	NOTCH2NLC-NBPF19_90_Het	A	35.0	5	0.9	0.74	41.2	76.2
chrY	13449524	13449588	NOTCH2NLC-NBPF19_90_Het	ACTCC	12.8	22	0.9	0.74	165.4	45.9
chr1	142538607	142538734	NOTCH2NLC-NBPF19_90_Het	AATGG	25.4	1	0.9	0.74	13.2	28.0
chr18	44126246	44126387	NOTCH2NLC-NBPF19_90_Het	ACTCC	28.2	6	0.9	0.74	48.3	37.9
chr15	41323658	41323854	NOTCH2NLC-NBPF19_90_Het	AGGG	48.8	1	0.9	0.74	13.2	52.1
chr12	5671656	5671792	NOTCH2NLC-NBPF19_90_Het	AGAGG	27.4	1	0.9	0.74	13.2	30.0
chrX	74199162	74199208	NOTCH2NLC-NBPF19_90_Het	A	46.0	12	0.9	0.74	91.7	137.7
chrY	58978616	58978705	NOTCH2NLC-NBPF19_90_Het	ACTCC	17.8	101	0.9	0.74	772.1	172.2
chr10	98471496	98471526	NOTCH2NLC-NBPF19_90_Het	A	30.0	1	0.9	0.74	13.2	43.2
chr19	21666960	21667054	NOTCH2NLC-NBPF19_90_Het	AAGAG	18.8	2	0.9	0.74	20.1	22.8
chr4	181876801	181876860	NOTCH2NLC-NBPF19_90_Het	A	59.0	1	0.9	0.74	13.2	72.2
chr16	85867678	85867990	NOTCH2NLC-NBPF19_90_Het	AGGG	78.2	3	0.9	0.74	27.1	85.0
chr16	69343973	69344015	NOTCH2NLC-NBPF19_90_Het	A	42.0	4	0.9	0.74	34.1	76.1
chr14	102417839	102417870	NOTCH2NLC-NBPF19_90_Het	A	31.0	1	0.9	0.74	13.2	44.2
chrX	74400516	74400555	NOTCH2NLC-NBPF19_90_Het	A	39.0	3	0.9	0.74	27.1	66.1
chrX	15369149	15369186	NOTCH2NLC-NBPF19_90_Het	A	37.0	1	0.9	0.74	13.2	50.2
chr10	32258979	32259009	NOTCH2NLC-NBPF19_90_Het	C	30.0	4	0.9	0.74	34.1	64.1
chrX	138934611	138934640	NOTCH2NLC-NBPF19_90_Het	C	29.0	1	0.9	0.74	13.2	42.2
chr4	179874429	179875367	NOTCH2NLC-NBPF19_90_Het	ACC	312.3	2	0.9	0.74	20.1	319.0
chr20	23248632	23248694	NOTCH2NLC-NBPF19_90_Het	ATCCC	12.2	6	0.9	0.74	48.3	21.9
chr2	89850110	89874049	NOTCH2NLC-NBPF19_90_Het	AATGG	4789.2	114	0.9	0.74	874.2	4964.0
chr19	12106559	12106603	NOTCH2NLC-NBPF19_90_Het	A	44.0	3	0.9	0.74	27.1	71.1
chr8	9140794	9140900	NOTCH2NLC-NBPF19_90_Het	AAAGG	21.2	2	0.9	0.74	20.1	25.2
chr4	149746675	149746715	NOTCH2NLC-NBPF19_90_Het	A	40.0	1	0.9	0.74	13.2	53.2
chr2	243152476	243152702	NOTCH2NLC-NBPF19_90_Het	AACCCT	37.3	9	0.9	0.74	69.9	48.9
chrX	68374814	68374871	NOTCH2NLC-NBPF19_90_Het	A	57.0	1	0.9	0.74	13.2	70.2
chr15	35319479	35319506	NOTCH2NLC-NBPF19_90_Het	A	27.0	1	0.8	0.74	13.2	40.2
chr16	33901762	33901957	NOTCH2NLC-NBPF19_90_Het	AATGG	38.2	1	0.8	0.74	13.2	40.8
chrY	28790416	28790642	NOTCH2NLC-NBPF19_90_Het	ACTCC	45.2	2	0.8	0.74	20.1	49.2
chr8	7983351	7983388	NOTCH2NLC-NBPF19_90_Het	A	37.0	1	0.8	0.74	13.2	50.2
chr15	101250513	101250659	NOTCH2NLC-NBPF19_90_Het	ACCTCC	23.8	6	0.8	0.74	48.3	31.9
chr16	78575370	78575403	NOTCH2NLC-NBPF19_90_Het	A	33.0	1	0.8	0.74	13.2	46.2
chr10	42354937	42383223	NOTCH2NLC-NBPF19_90_Het	AATGG	5654.4	265	0.8	0.74	2081.2	6070.6
chr16	27150031	27150691	NOTCH2NLC-NBPF19_90_Het	ACC	223.7	2	0.8	0.74	20.1	230.4
chrX	74323882	74323920	NOTCH2NLC-NBPF19_90_Het	A	38.0	4	0.8	0.74	34.1	72.1
chr1	142967248	142967440	NOTCH2NLC-NBPF19_90_Het	ACTCC	38.4	2	0.8	0.74	20.1	42.4
chr5	96290476	96290504	NOTCH2NLC-NBPF19_90_Het	A	28.0	1	0.8	0.74	13.2	41.2
chr15	21391879	21391923	NOTCH2NLC-NBPF19_90_Het	A	44.0	2	0.8	0.74	20.1	64.1
chr5	27775189	27775225	NOTCH2NLC-NBPF19_90_Het	A	36.0	1	0.8	0.74	13.2	49.2
chr1	142538353	142538499	NOTCH2NLC-NBPF19_90_Het	AATGG	29.2	1	0.8	0.74	13.2	31.8
chrX	146993554	146993629	NOTCH2NLC-NBPF19_90_Het	CCG	25.0	1	0.8	0.74	13.2	29.4
chr14	106026084	106026155	NOTCH2NLC-NBPF19_90_Het	AGGGGC	11.8	8	0.8	0.74	62.7	22.2
chr4	129954657	129954685	NOTCH2NLC-NBPF19_90_Het	A	28.0	1	0.8	0.74	13.2	41.2
chr8	125184249	125184277	NOTCH2NLC-NBPF19_90_Het	C	28.0	3	0.8	0.74	27.1	55.1
chr1	79311097	79311141	NOTCH2NLC-NBPF19_90_Het	A	44.0	3	0.8	0.74	27.1	71.1
chr21	10773927	10860720	NOTCH2NLC-NBPF19_90_Het	AATGG	17326.4	46	0.8	0.74	346.4	17395.7
chr12	7781293	7781385	NOTCH2NLC-NBPF19_90_Het	CCG	30.7	2	0.8	0.74	20.1	37.4
chr14	106055530	106057619	NOTCH2NLC-NBPF19_90_Het	AGCCC	417.8	27	0.8	0.74	202.7	458.3
chr1	3785155	3785282	NOTCH2NLC-NBPF19_90_Het	ACACC	25.4	2	0.8	0.74	20.1	29.4
chr8	28476608	28476633	NOTCH2NLC-NBPF19_90_Het	A	25.0	1	0.7	0.74	13.2	38.2
chr2	55711254	55711426	NOTCH2NLC-NBPF19_90_Het	AAGGG	34.4	1	0.7	0.74	13.2	37.0
chr9	117831871	117832116	NOTCH2NLC-NBPF19_90_Het	AGGG	61.2	1	0.7	0.74	13.2	64.5
chr3	120122767	120122855	NOTCH2NLC-NBPF19_90_Het	A	88.0	1	0.7	0.74	13.2	101.2
chr2	157491817	157491845	NOTCH2NLC-NBPF19_90_Het	A	28.0	1	0.7	0.74	13.2	41.2
chr11	4556209	4556252	NOTCH2NLC-NBPF19_90_Het	A	43.0	7	0.7	0.74	55.5	98.5
chr9	20866887	20866916	NOTCH2NLC-NBPF19_90_Het	A	29.0	3	0.7	0.74	27.1	56.1
chr9	91885217	91885242	NOTCH2NLC-NBPF19_90_Het	A	25.0	1	0.7	0.74	13.2	38.2
chrY	28798860	28799031	NOTCH2NLC-NBPF19_90_Het	ACTCC	34.2	2	0.7	0.74	20.1	38.2
chr3	44034278	44034319	NOTCH2NLC-NBPF19_90_Het	A	41.0	7	0.7	0.74	55.5	96.5
chrY	13451910	13452268	NOTCH2NLC-NBPF19_90_Het	ACTCC	71.6	5	0.7	0.74	41.2	79.8
chr5	26006021	26006053	NOTCH2NLC-NBPF19_90_Het	A	32.0	2	0.7	0.74	20.1	52.1
chr20	62918052	62918986	NOTCH2NLC-NBPF19_90_Het	AACCCT	151.3	2	0.7	0.74	20.1	154.7
chr7	15310221	15310262	NOTCH2NLC-NBPF19_90_Het	A	41.0	3	0.7	0.74	27.1	68.1
chr13	31315240	31315275	NOTCH2NLC-NBPF19_90_Het	A	35.0	1	0.7	0.74	13.2	48.2
chr16	19271658	19271685	NOTCH2NLC-NBPF19_90_Het	A	27.0	1	0.7	0.74	13.2	40.2
chrY	58971913	58976575	NOTCH2NLC-NBPF19_90_Het	AATGG	929.8	3	0.7	0.74	27.1	935.2
chr2	237154989	237155021	NOTCH2NLC-NBPF19_90_Het	A	32.0	1	0.6	0.74	13.2	45.2
chrX	95277836	95277869	NOTCH2NLC-NBPF19_90_Het	A	33.0	1	0.6	0.74	13.2	46.2
chr7	55987183	55987216	NOTCH2NLC-NBPF19_90_Het	A	33.0	2	0.6	0.74	20.1	53.1
chr21	10086857	10087419	NOTCH2NLC-NBPF19_90_Het	ACTCC	111.8	16	0.6	0.74	121.0	136.0
chr20	57303613	57303642	NOTCH2NLC-NBPF19_90_Het	A	29.0	3	0.6	0.74	27.1	56.1
chr1	40130162	40130201	NOTCH2NLC-NBPF19_90_Het	AGAGG	7.4	4	0.6	0.74	34.1	14.2
chr6	23734343	23734379	NOTCH2NLC-NBPF19_90_Het	A	36.0	1	0.6	0.74	13.2	49.2
chr4	10000	10197	NOTCH2NLC-NBPF19_90_Het	AACCCT	32.8	7	0.6	0.74	55.5	42.0
chr5	584033	585395	NOTCH2NLC-NBPF19_90_Het	ACCC	340.8	4	0.6	0.74	34.1	349.3
chrY	13141923	13142065	NOTCH2NLC-NBPF19_90_Het	ACTCC	28.4	14	0.6	0.74	106.3	49.7
chr20	19644040	19644140	NOTCH2NLC-NBPF19_90_Het	AGG	33.3	4	0.6	0.74	34.1	44.7
chr4	67849763	67849792	NOTCH2NLC-NBPF19_90_Het	A	29.0	5	0.6	0.74	41.2	70.2
chr11	118049614	118049645	NOTCH2NLC-NBPF19_90_Het	A	31.0	2	0.6	0.74	20.1	51.1
chr7	132246033	132249181	NOTCH2NLC-NBPF19_90_Het	AGG	1048.7	4	0.6	0.74	34.1	1060.1
chr7	105908286	105908322	NOTCH2NLC-NBPF19_90_Het	A	36.0	2	0.6	0.74	20.1	56.1
chr10	21811195	21811220	NOTCH2NLC-NBPF19_90_Het	C	25.0	4	0.6	0.74	34.1	59.1
chr11	105893566	105893593	NOTCH2NLC-NBPF19_90_Het	A	27.0	2	0.6	0.74	20.1	47.1
chr10	135524387	135524747	NOTCH2NLC-NBPF19_90_Het	AACCCT	59.7	5	0.6	0.74	41.2	66.6
chrY	13137329	13137453	NOTCH2NLC-NBPF19_90_Het	ACTCC	24.8	3	0.6	0.74	27.1	30.2
chr7	95797410	95797441	NOTCH2NLC-NBPF19_90_Het	A	31.0	2	0.5	0.74	20.1	51.1
chr2	33141296	33141692	NOTCH2NLC-NBPF19_90_Het	C	396.0	3809	0.5	0.74	32670.6	33066.6
chr9	10000	10433	NOTCH2NLC-NBPF19_90_Het	AACCCT	71.0	2	0.5	0.74	20.1	74.4
chrX	102738927	102738961	NOTCH2NLC-NBPF19_90_Het	A	34.0	1	0.5	0.74	13.2	47.2
chr8	92598259	92598286	NOTCH2NLC-NBPF19_90_Het	A	27.0	3	0.5	0.74	27.1	54.1
chrY	13452332	13459765	NOTCH2NLC-NBPF19_90_Het	AATGG	1487.0	43	0.5	0.74	323.6	1551.7
chr3	197899572	197901398	NOTCH2NLC-NBPF19_90_Het	AACCCT	290.8	17	0.5	0.74	128.4	312.2
chrY	13446517	13446724	NOTCH2NLC-NBPF19_90_Het	AATGG	41.4	2	0.5	0.74	20.1	45.4
chr9	10667433	10667459	NOTCH2NLC-NBPF19_90_Het	A	26.0	3	0.5	0.74	27.1	53.1
chr6	79066693	79066729	NOTCH2NLC-NBPF19_90_Het	A	36.0	2	0.5	0.74	20.1	56.1
chr16	52193513	52193545	NOTCH2NLC-NBPF19_90_Het	A	32.0	3	0.5	0.74	27.1	59.1
chr4	163404942	163404967	NOTCH2NLC-NBPF19_90_Het	A	25.0	3	0.5	0.74	27.1	52.1
chr14	99887284	99887313	NOTCH2NLC-NBPF19_90_Het	C	29.0	41	0.5	0.74	308.4	337.4
chr4	88507794	88507869	NOTCH2NLC-NBPF19_90_Het	ACACT	15.0	1	0.5	0.74	13.2	17.6
chr15	80445509	80445566	NOTCH2NLC-NBPF19_90_Het	ACTCC	11.6	4	0.5	0.74	34.1	18.4
chr7	17457080	17457113	NOTCH2NLC-NBPF19_90_Het	A	33.0	2	0.4	0.74	20.1	53.1
chr19	1164602	1164992	NOTCH2NLC-NBPF19_90_Het	AGG	129.0	6	0.4	0.74	48.3	145.1
chr20	6305597	6305627	NOTCH2NLC-NBPF19_90_Het	A	30.0	3	0.4	0.74	27.1	57.1
chr11	29410734	29410769	NOTCH2NLC-NBPF19_90_Het	A	35.0	2	0.4	0.74	20.1	55.1
chr7	152081633	152081699	NOTCH2NLC-NBPF19_90_Het	ACC	22.0	8	0.4	0.74	62.7	42.9
chr11	116001571	116001707	NOTCH2NLC-NBPF19_90_Het	AG	68.5	2	0.4	0.74	20.1	78.6
chr16	78157313	78157372	NOTCH2NLC-NBPF19_90_Het	A	59.0	2	0.4	0.74	20.1	79.1
chr8	9170578	9170637	NOTCH2NLC-NBPF19_90_Het	A	59.0	2	0.4	0.74	20.1	79.1
chr2	1754289	1754478	NOTCH2NLC-NBPF19_90_Het	AGGG	47.8	1	0.4	0.74	13.2	51.1
chr12	1230806	1231832	NOTCH2NLC-NBPF19_90_Het	AGAGAT	173.0	2	0.4	0.74	20.1	176.4
chr17	25263126	25268053	NOTCH2NLC-NBPF19_90_Het	AATGG	960.8	10	0.4	0.74	77.1	976.2
chr1	232861007	232861199	NOTCH2NLC-NBPF19_90_Het	C	192.0	15	0.4	0.74	113.6	305.6
chr5	53459186	53459224	NOTCH2NLC-NBPF19_90_Het	A	38.0	2	0.3	0.74	20.1	58.1
chrX	44141861	44141900	NOTCH2NLC-NBPF19_90_Het	C	39.0	22	0.3	0.74	165.4	204.4
chr6	48659854	48659886	NOTCH2NLC-NBPF19_90_Het	A	32.0	6	0.3	0.74	48.3	80.3
chr18	10000	10631	NOTCH2NLC-NBPF19_90_Het	AACCCT	105.7	25	0.3	0.74	187.8	137.0
chr8	101438737	101439125	NOTCH2NLC-NBPF19_90_Het	ACC	128.7	3	0.3	0.74	27.1	137.7
chr14	20476211	20476488	NOTCH2NLC-NBPF19_90_Het	AGGG	69.2	1	0.3	0.74	13.2	72.5
chrY	13143421	13143506	NOTCH2NLC-NBPF19_90_Het	AATGG	17.0	1	0.3	0.74	13.2	19.6
chr7	141036616	141037115	NOTCH2NLC-NBPF19_90_Het	ACC	166.7	2	0.3	0.74	20.1	173.4
chr19	22328238	22328285	NOTCH2NLC-NBPF19_90_Het	A	47.0	2	0.3	0.74	20.1	67.1
chr9	46199514	46199540	NOTCH2NLC-NBPF19_90_Het	A	26.0	1	0.3	0.74	13.2	39.2
chr4	190925979	190926025	NOTCH2NLC-NBPF19_90_Het	A	46.0	2	0.3	0.74	20.1	66.1
chr6	42812933	42812986	NOTCH2NLC-NBPF19_90_Het	A	53.0	3	0.3	0.74	27.1	80.1
chrY	25207822	25207873	NOTCH2NLC-NBPF19_90_Het	A	51.0	2	0.3	0.74	20.1	71.1
chr16	33867301	33867437	NOTCH2NLC-NBPF19_90_Het	ACTCC	27.2	8	0.3	0.74	62.7	39.7
chr11	108708334	108708369	NOTCH2NLC-NBPF19_90_Het	A	35.0	2	0.3	0.74	20.1	55.1
chr6	42230172	42230338	NOTCH2NLC-NBPF19_90_Het	AG	83.5	1	0.3	0.74	13.2	90.1
chr22	32410209	32410240	NOTCH2NLC-NBPF19_90_Het	A	31.0	3	0.3	0.74	27.1	58.1
chr3	63627372	63627402	NOTCH2NLC-NBPF19_90_Het	A	30.0	2	0.3	0.74	20.1	50.1
chrX	85892209	85892249	NOTCH2NLC-NBPF19_90_Het	A	40.0	2	0.3	0.74	20.1	60.1
chr2	90475419	90477642	NOTCH2NLC-NBPF19_90_Het	AGCC	515.8	1	0.3	0.74	13.2	519.1
chr11	33273211	33273260	NOTCH2NLC-NBPF19_90_Het	A	49.0	2	0.3	0.74	20.1	69.1
chr3	138423997	138424043	NOTCH2NLC-NBPF19_90_Het	A	46.0	2	0.2	0.74	20.1	66.1
chr8	18975373	18975406	NOTCH2NLC-NBPF19_90_Het	A	33.0	2	0.2	0.74	20.1	53.1
chr18	666891	667632	NOTCH2NLC-NBPF19_90_Het	ACCATC	124.0	1	0.2	0.74	13.2	126.2
chr7	115584067	115584094	NOTCH2NLC-NBPF19_90_Het	A	27.0	2	0.2	0.74	20.1	47.1
chr2	223731462	223731500	NOTCH2NLC-NBPF19_90_Het	C	38.0	14	0.2	0.74	106.3	144.3
chr11	45425019	45425047	NOTCH2NLC-NBPF19_90_Het	A	28.0	2	0.2	0.74	20.1	48.1
chr3	20497157	20497182	NOTCH2NLC-NBPF19_90_Het	A	25.0	2	0.2	0.74	20.1	45.1
chr5	66838686	66838716	NOTCH2NLC-NBPF19_90_Het	A	30.0	1	0.2	0.74	13.2	43.2
chrX	44781273	44781309	NOTCH2NLC-NBPF19_90_Het	A	36.0	2	0.2	0.74	20.1	56.1
chr8	5708628	5708654	NOTCH2NLC-NBPF19_90_Het	A	26.0	4	0.2	0.74	34.1	60.1
chr1	115879868	115879926	NOTCH2NLC-NBPF19_90_Het	A	58.0	3	0.2	0.74	27.1	85.1
chr13	72635477	72635503	NOTCH2NLC-NBPF19_90_Het	A	26.0	1	0.2	0.74	13.2	39.2
chr12	306210	306374	NOTCH2NLC-NBPF19_90_Het	ATCC	41.0	1	0.2	0.74	13.2	44.3
chr14	84864441	84864643	NOTCH2NLC-NBPF19_90_Het	AG	101.0	1	0.2	0.74	13.2	107.6
chr16	86922718	86923337	NOTCH2NLC-NBPF19_90_Het	ATCC	154.8	2	0.2	0.74	20.1	159.8
chr16	50476757	50476791	NOTCH2NLC-NBPF19_90_Het	C	34.0	9	0.2	0.74	69.9	103.9
chr19	59118819	59118983	NOTCH2NLC-NBPF19_90_Het	AACCCT	26.8	4	0.2	0.74	34.1	32.5
chrX	112779377	112779416	NOTCH2NLC-NBPF19_90_Het	A	39.0	4	0.2	0.74	34.1	73.1
chr2	105440803	105440991	NOTCH2NLC-NBPF19_90_Het	ACC	62.7	1	0.2	0.74	13.2	67.1
chr2	6471443	6471473	NOTCH2NLC-NBPF19_90_Het	A	30.0	2	0.2	0.74	20.1	50.1
chrX	17755542	17755568	NOTCH2NLC-NBPF19_90_Het	C	26.0	3	0.1	0.74	27.1	53.1
chr6	2694725	2694838	NOTCH2NLC-NBPF19_90_Het	ACC	37.7	1	0.1	0.74	13.2	42.1
chr2	52032458	52032577	NOTCH2NLC-NBPF19_90_Het	ACC	39.7	1	0.1	0.74	13.2	44.1
chr12	132072799	132073286	NOTCH2NLC-NBPF19_90_Het	ACTCC	97.2	3	0.1	0.74	27.1	102.6
chr13	85083979	85084010	NOTCH2NLC-NBPF19_90_Het	A	31.0	1	0.1	0.74	13.2	44.2
chr5	117449150	117449336	NOTCH2NLC-NBPF19_90_Het	AGGAT	36.6	3	0.1	0.74	27.1	42.0
chr10	87121342	87121393	NOTCH2NLC-NBPF19_90_Het	A	51.0	2	0.1	0.74	20.1	71.1
chr2	227372625	227372675	NOTCH2NLC-NBPF19_90_Het	A	50.0	1	0.1	0.74	13.2	63.2
chrX	56797890	56797962	NOTCH2NLC-NBPF19_90_Het	AGG	24.0	1	0.1	0.74	13.2	28.4
chr3	62717480	62717505	NOTCH2NLC-NBPF19_90_Het	A	25.0	1	0.1	0.74	13.2	38.2
chr1	244729954	244729989	NOTCH2NLC-NBPF19_90_Het	A	35.0	2	0.1	0.74	20.1	55.1
chr6	88446563	88446653	NOTCH2NLC-NBPF19_90_Het	C	90.0	4	0.1	0.74	34.1	124.1
chr16	63001867	63001899	NOTCH2NLC-NBPF19_90_Het	A	32.0	1	0.1	0.74	13.2	45.2
chr2	163609413	163609541	NOTCH2NLC-NBPF19_90_Het	AAAAG	25.6	18	0.1	0.74	135.7	52.7
chr1	217038529	217038560	NOTCH2NLC-NBPF19_90_Het	A	31.0	1	0.1	0.74	13.2	44.2
chr9	70621259	70621320	NOTCH2NLC-NBPF19_90_Het	A	61.0	1	0.1	0.74	13.2	74.2
chr16	7058615	7059164	NOTCH2NLC-NBPF19_90_Het	AGGG	138.2	1	0.0	0.74	13.2	141.5
chr17	4364641	4364682	NOTCH2NLC-NBPF19_90_Het	A	41.0	1	0.0	0.74	13.2	54.2
chr2	124116376	124116424	NOTCH2NLC-NBPF19_90_Het	A	48.0	2	0.0	0.74	20.1	68.1
chr14	36389347	36389384	NOTCH2NLC-NBPF19_90_Het	A	37.0	1	0.0	0.74	13.2	50.2
chr3	24155402	24155446	NOTCH2NLC-NBPF19_90_Het	A	44.0	1	0.0	0.74	13.2	57.2
chr12	132889640	132890760	NOTCH2NLC-NBPF19_90_Het	ACCC	278.8	1	0.0	0.74	13.2	282.1
chr16	24657155	24657188	NOTCH2NLC-NBPF19_90_Het	A	33.0	1	0.0	0.74	13.2	46.2
chr18	50319124	50319228	NOTCH2NLC-NBPF19_90_Het	AATGG	20.8	2	0.0	0.74	20.1	24.8
chr2	88364713	88364803	NOTCH2NLC-NBPF19_90_Het	C	90.0	2	0.0	0.74	20.1	110.1
chr14	95057314	95057731	NOTCH2NLC-NBPF19_90_Het	ACTCC	88.4	1	0.0	0.74	13.2	91.0
chr7	105741884	105741913	NOTCH2NLC-NBPF19_90_Het	C	29.0	7	0.0	0.74	55.5	84.5
chr4	117661114	117661144	NOTCH2NLC-NBPF19_90_Het	A	30.0	1	0.0	0.74	13.2	43.2
chrY	58982718	58982772	NOTCH2NLC-NBPF19_90_Het	ACTCC	10.8	3	0.0	0.74	27.1	16.2
chr9	43997079	43997142	NOTCH2NLC-NBPF19_90_Het	A	63.0	2	0.0	0.74	20.1	83.1
chrY	27120783	27120833	NOTCH2NLC-NBPF19_90_Het	A	50.0	1	0.0	0.74	13.2	63.2
chrY	59362557	59363471	NOTCH2NLC-NBPF19_90_Het	AACCCT	150.2	99	0.0	0.74	756.5	276.3
chr14	100394090	100394585	NOTCH2NLC-NBPF19_90_Het	ACC	165.3	1	0.0	0.74	13.2	169.7
chr18	60730892	60730980	NOTCH2NLC-NBPF19_90_Het	A	88.0	10	-0.0	0.74	77.1	165.1
chr1	80339297	80339336	NOTCH2NLC-NBPF19_90_Het	A	39.0	1	-0.0	0.74	13.2	52.2
chr16	30147679	30147740	NOTCH2NLC-NBPF19_90_Het	A	61.0	1	-0.0	0.74	13.2	74.2
chrX	63507879	63507929	NOTCH2NLC-NBPF19_90_Het	A	50.0	3	-0.0	0.74	27.1	77.1
chr3	10915070	10915641	NOTCH2NLC-NBPF19_90_Het	AGGAT	114.6	1	-0.0	0.74	13.2	117.2
chrX	150731283	150731367	NOTCH2NLC-NBPF19_90_Het	C	84.0	14	-0.0	0.74	106.3	190.3
chr21	28874574	28874623	NOTCH2NLC-NBPF19_90_Het	A	49.0	1	-0.0	0.74	13.2	62.2
chr4	191043603	191044273	NOTCH2NLC-NBPF19_90_Het	AACCCT	112.0	33	-0.0	0.74	247.8	153.3
chr2	74788178	74788388	NOTCH2NLC-NBPF19_90_Het	AGG	70.3	3	-0.0	0.74	27.1	79.3
chr20	62324803	62325120	NOTCH2NLC-NBPF19_90_Het	ACCTCC	55.8	2	-0.0	0.74	20.1	59.2
chr5	24504615	24504652	NOTCH2NLC-NBPF19_90_Het	A	37.0	1	-0.0	0.74	13.2	50.2
chrX	116021157	116021211	NOTCH2NLC-NBPF19_90_Het	A	54.0	3	-0.0	0.74	27.1	81.1
chr1	224199392	224204255	NOTCH2NLC-NBPF19_90_Het	AATGG	972.2	5	-0.0	0.74	41.2	980.4
chr22	21172022	21172060	NOTCH2NLC-NBPF19_90_Het	A	38.0	1	-0.0	0.74	13.2	51.2
chr11	38327568	38327600	NOTCH2NLC-NBPF19_90_Het	A	32.0	1	-0.0	0.74	13.2	45.2
chr16	31117010	31117060	NOTCH2NLC-NBPF19_90_Het	A	50.0	1	-0.1	0.74	13.2	63.2
chr6	102004196	102004227	NOTCH2NLC-NBPF19_90_Het	A	31.0	1	-0.1	0.74	13.2	44.2
chr7	72344449	72344500	NOTCH2NLC-NBPF19_90_Het	A	51.0	1	-0.1	0.74	13.2	64.2
chr2	129097926	129098969	NOTCH2NLC-NBPF19_90_Het	ACC	347.7	6	-0.1	0.74	48.3	363.8
chr9	135577016	135577047	NOTCH2NLC-NBPF19_90_Het	A	31.0	1	-0.1	0.74	13.2	44.2
chr3	160691552	160691581	NOTCH2NLC-NBPF19_90_Het	A	29.0	1	-0.1	0.74	13.2	42.2
chrX	80164482	80164520	NOTCH2NLC-NBPF19_90_Het	A	38.0	2	-0.1	0.74	20.1	58.1
chr6	58707139	58707185	NOTCH2NLC-NBPF19_90_Het	A	46.0	1	-0.1	0.74	13.2	59.2
chr12	101457523	101457556	NOTCH2NLC-NBPF19_90_Het	A	33.0	1	-0.1	0.74	13.2	46.2
chr6	55623942	55623981	NOTCH2NLC-NBPF19_90_Het	A	39.0	2	-0.1	0.74	20.1	59.1
chr3	18385850	18385876	NOTCH2NLC-NBPF19_90_Het	A	26.0	1	-0.1	0.74	13.2	39.2
chr16	78655489	78655519	NOTCH2NLC-NBPF19_90_Het	A	30.0	1	-0.1	0.74	13.2	43.2
chr15	20385276	20385338	NOTCH2NLC-NBPF19_90_Het	A	62.0	3	-0.1	0.74	27.1	89.1
chr1	197323940	197323985	NOTCH2NLC-NBPF19_90_Het	C	45.0	9	-0.1	0.74	69.9	114.9
chr11	112653568	112653611	NOTCH2NLC-NBPF19_90_Het	A	43.0	1	-0.1	0.74	13.2	56.2
chrY	13673446	13748576	NOTCH2NLC-NBPF19_90_Het	AATGG	15034.4	4	-0.1	0.74	34.1	15041.2
chrY	28784215	28789291	NOTCH2NLC-NBPF19_90_Het	AATGG	1014.0	1	-0.1	0.74	13.2	1016.6
chrX	155259551	155260465	NOTCH2NLC-NBPF19_90_Het	AACCCT	150.2	98	-0.1	0.74	748.7	275.0
chr8	3567202	3567231	NOTCH2NLC-NBPF19_90_Het	A	29.0	1	-0.1	0.74	13.2	42.2
chr11	98710206	98710237	NOTCH2NLC-NBPF19_90_Het	A	31.0	1	-0.1	0.74	13.2	44.2
chr15	34480338	34480371	NOTCH2NLC-NBPF19_90_Het	A	33.0	1	-0.1	0.74	13.2	46.2
chrX	101517552	101517593	NOTCH2NLC-NBPF19_90_Het	A	41.0	1	-0.1	0.74	13.2	54.2
chr1	142538500	142538671	NOTCH2NLC-NBPF19_90_Het	ACTCC	34.2	10	-0.1	0.74	77.1	49.6
chr1	182716178	182716215	NOTCH2NLC-NBPF19_90_Het	A	37.0	1	-0.1	0.74	13.2	50.2
chr21	39298480	39298515	NOTCH2NLC-NBPF19_90_Het	A	35.0	1	-0.1	0.74	13.2	48.2
chr1	143964424	143964456	NOTCH2NLC-NBPF19_90_Het	A	32.0	1	-0.1	0.74	13.2	45.2
chr9	72653081	72653554	NOTCH2NLC-NBPF19_90_Het	AATGG	94.6	5	-0.1	0.74	41.2	102.8
chr5	58945731	58945758	NOTCH2NLC-NBPF19_90_Het	A	27.0	1	-0.1	0.74	13.2	40.2
chr12	79288110	79288145	NOTCH2NLC-NBPF19_90_Het	A	35.0	1	-0.1	0.74	13.2	48.2
chr15	46296803	46296832	NOTCH2NLC-NBPF19_90_Het	A	29.0	1	-0.1	0.74	13.2	42.2
chrY	21714748	21714801	NOTCH2NLC-NBPF19_90_Het	A	53.0	1	-0.1	0.74	13.2	66.2
chr3	22378400	22378428	NOTCH2NLC-NBPF19_90_Het	A	28.0	1	-0.2	0.74	13.2	41.2
chr16	70444143	70444171	NOTCH2NLC-NBPF19_90_Het	A	28.0	1	-0.2	0.74	13.2	41.2
chr12	68980940	68980989	NOTCH2NLC-NBPF19_90_Het	A	49.0	1	-0.2	0.74	13.2	62.2
chr21	36085145	36085220	NOTCH2NLC-NBPF19_90_Het	AACCCT	12.5	1	-0.2	0.74	13.2	14.7
chr2	89874086	89879994	NOTCH2NLC-NBPF19_90_Het	AATGG	1178.4	37	-0.2	0.74	278.0	1234.0
chr11	43165116	43165154	NOTCH2NLC-NBPF19_90_Het	A	38.0	1	-0.2	0.74	13.2	51.2
chr4	58888288	58888340	NOTCH2NLC-NBPF19_90_Het	A	52.0	1	-0.2	0.74	13.2	65.2
chrX	64121400	64121446	NOTCH2NLC-NBPF19_90_Het	A	46.0	4	-0.2	0.74	34.1	80.1
chr7	117573902	117573972	NOTCH2NLC-NBPF19_90_Het	A	70.0	1	-0.2	0.74	13.2	83.2
chrX	146782243	146782278	NOTCH2NLC-NBPF19_90_Het	A	35.0	1	-0.2	0.74	13.2	48.2
chr8	135082925	135082999	NOTCH2NLC-NBPF19_90_Het	A	74.0	1	-0.2	0.74	13.2	87.2
chr3	115024533	115024580	NOTCH2NLC-NBPF19_90_Het	A	47.0	1	-0.2	0.74	13.2	60.2
chrY	13140858	13141258	NOTCH2NLC-NBPF19_90_Het	AATGG	80.4	2	-0.2	0.74	20.1	84.4
chr2	154078821	154078857	NOTCH2NLC-NBPF19_90_Het	C	36.0	20	-0.2	0.74	150.6	186.6
chr15	99833798	99833838	NOTCH2NLC-NBPF19_90_Het	A	40.0	1	-0.2	0.74	13.2	53.2
chr14	78361060	78361107	NOTCH2NLC-NBPF19_90_Het	A	47.0	1	-0.2	0.74	13.2	60.2
chr15	65531762	65531827	NOTCH2NLC-NBPF19_90_Het	A	65.0	1	-0.2	0.74	13.2	78.2
chr8	110422927	110422976	NOTCH2NLC-NBPF19_90_Het	A	49.0	1	-0.2	0.74	13.2	62.2
chr18	2958139	2958190	NOTCH2NLC-NBPF19_90_Het	A	51.0	1	-0.2	0.74	13.2	64.2
chr18	26748051	26748088	NOTCH2NLC-NBPF19_90_Het	A	37.0	1	-0.2	0.74	13.2	50.2
chrX	13883661	13883724	NOTCH2NLC-NBPF19_90_Het	A	63.0	1	-0.2	0.74	13.2	76.2
chr4	31109991	31110031	NOTCH2NLC-NBPF19_90_Het	A	40.0	1	-0.2	0.74	13.2	53.2
chr4	81048441	81048479	NOTCH2NLC-NBPF19_90_Het	A	38.0	3	-0.2	0.74	27.1	65.1
chr8	139808632	139808661	NOTCH2NLC-NBPF19_90_Het	A	29.0	1	-0.2	0.74	13.2	42.2
chrX	36095300	36095340	NOTCH2NLC-NBPF19_90_Het	A	40.0	1	-0.2	0.74	13.2	53.2
chr1	142540389	142540636	NOTCH2NLC-NBPF19_90_Het	ACTCC	49.4	2	-0.2	0.74	20.1	53.4
chr13	57733569	57733596	NOTCH2NLC-NBPF19_90_Het	C	27.0	1	-0.2	0.74	13.2	40.2
chr1	142541943	142542479	NOTCH2NLC-NBPF19_90_Het	ACTCC	106.8	9	-0.2	0.74	69.9	120.8
chr10	53361481	53361529	NOTCH2NLC-NBPF19_90_Het	A	48.0	1	-0.2	0.74	13.2	61.2
chr3	126061995	126062022	NOTCH2NLC-NBPF19_90_Het	C	27.0	2	-0.2	0.74	20.1	47.1
chr17	37761008	37761048	NOTCH2NLC-NBPF19_90_Het	A	40.0	1	-0.2	0.74	13.2	53.2
chrY	13194979	13195068	NOTCH2NLC-NBPF19_90_Het	ACTCC	17.8	1	-0.2	0.74	13.2	20.4
chrUn_gl000225	189230	200634	NOTCH2NLC-NBPF19_90_Het	AATGG	2280.4	1	-0.2	0.74	13.2	2283.0
chr1	213739780	213739834	NOTCH2NLC-NBPF19_90_Het	A	54.0	2	-0.2	0.74	20.1	74.1
chr9	36621272	36621314	NOTCH2NLC-NBPF19_90_Het	A	42.0	1	-0.2	0.74	13.2	55.2
chr4	84495777	84495830	NOTCH2NLC-NBPF19_90_Het	A	53.0	1	-0.3	0.74	13.2	66.2
chr7	98384257	98384291	NOTCH2NLC-NBPF19_90_Het	C	34.0	7	-0.3	0.74	55.5	89.5
chr16	33866326	33866749	NOTCH2NLC-NBPF19_90_Het	AATGG	84.6	1	-0.3	0.74	13.2	87.2
chr3	7810009	7810053	NOTCH2NLC-NBPF19_90_Het	A	44.0	1	-0.3	0.74	13.2	57.2
chr4	42992190	42992226	NOTCH2NLC-NBPF19_90_Het	A	36.0	1	-0.3	0.74	13.2	49.2
chr11	115927368	115927398	NOTCH2NLC-NBPF19_90_Het	A	30.0	1	-0.3	0.74	13.2	43.2
chr12	52174349	52174388	NOTCH2NLC-NBPF19_90_Het	A	39.0	3	-0.3	0.74	27.1	66.1
chr15	91508052	91508088	NOTCH2NLC-NBPF19_90_Het	A	36.0	1	-0.3	0.74	13.2	49.2
chr9	98419181	98419223	NOTCH2NLC-NBPF19_90_Het	A	42.0	1	-0.3	0.74	13.2	55.2
chr17	54869876	54870362	NOTCH2NLC-NBPF19_90_Het	ACC	163.0	2	-0.3	0.74	20.1	169.7
chr1	233203111	233203150	NOTCH2NLC-NBPF19_90_Het	A	39.0	4	-0.3	0.74	34.1	73.1
chr21	47993558	47993596	NOTCH2NLC-NBPF19_90_Het	A	38.0	1	-0.3	0.74	13.2	51.2
chrY	58981118	58981377	NOTCH2NLC-NBPF19_90_Het	ACTCC	51.4	4	-0.3	0.74	34.1	58.2
chr8	136094609	136094643	NOTCH2NLC-NBPF19_90_Het	ATCCC	6.8	4	-0.3	0.74	34.1	13.6
chr13	38621709	38621738	NOTCH2NLC-NBPF19_90_Het	A	29.0	1	-0.3	0.74	13.2	42.2
chr11	175279	176542	NOTCH2NLC-NBPF19_90_Het	AACCCT	203.8	1	-0.3	0.74	13.2	206.0
chr1	198752933	198752979	NOTCH2NLC-NBPF19_90_Het	A	46.0	1	-0.3	0.74	13.2	59.2
chr3	71949768	71949806	NOTCH2NLC-NBPF19_90_Het	A	38.0	1	-0.3	0.74	13.2	51.2
chr8	78620451	78620493	NOTCH2NLC-NBPF19_90_Het	A	42.0	1	-0.3	0.74	13.2	55.2
chrX	82962990	82963034	NOTCH2NLC-NBPF19_90_Het	A	44.0	1	-0.3	0.74	13.2	57.2
chr9	10411	10468	NOTCH2NLC-NBPF19_90_Het	ACCCCC	9.5	1	-0.3	0.74	13.2	11.7
chr8	11253513	11253571	NOTCH2NLC-NBPF19_90_Het	A	58.0	1	-0.3	0.74	13.2	71.2
chr12	95154	95739	NOTCH2NLC-NBPF19_90_Het	AACCCT	97.3	42	-0.3	0.74	316.0	150.0
chr14	71376742	71376947	NOTCH2NLC-NBPF19_90_Het	AGG	68.0	1	-0.3	0.74	13.2	72.4
chr21	48119753	48119895	NOTCH2NLC-NBPF19_90_Het	AACCCT	23.7	16	-0.3	0.74	121.0	43.9
chr5	111182117	111182142	NOTCH2NLC-NBPF19_90_Het	A	25.0	1	-0.4	0.74	13.2	38.2
chr1	171014113	171014160	NOTCH2NLC-NBPF19_90_Het	A	47.0	1	-0.4	0.74	13.2	60.2
chr10	94158297	94158329	NOTCH2NLC-NBPF19_90_Het	A	32.0	1	-0.4	0.74	13.2	45.2
chr15	95644331	95644360	NOTCH2NLC-NBPF19_90_Het	A	29.0	1	-0.4	0.74	13.2	42.2
chr5	50686453	50686514	NOTCH2NLC-NBPF19_90_Het	A	61.0	1	-0.4	0.74	13.2	74.2
chr4	167524871	167524950	NOTCH2NLC-NBPF19_90_Het	A	79.0	7	-0.4	0.74	55.5	134.5
chr10	4474541	4474585	NOTCH2NLC-NBPF19_90_Het	A	44.0	1	-0.4	0.74	13.2	57.2
chr4	43789643	43789692	NOTCH2NLC-NBPF19_90_Het	A	49.0	2	-0.4	0.74	20.1	69.1
chr5	44376592	44376626	NOTCH2NLC-NBPF19_90_Het	A	34.0	1	-0.4	0.74	13.2	47.2
chr14	38100112	38100152	NOTCH2NLC-NBPF19_90_Het	A	40.0	1	-0.4	0.74	13.2	53.2
chr2	208745486	208745558	NOTCH2NLC-NBPF19_90_Het	A	72.0	3	-0.4	0.74	27.1	99.1
chr4	45909917	45909945	NOTCH2NLC-NBPF19_90_Het	A	28.0	1	-0.4	0.74	13.2	41.2
chr13	63473773	63473823	NOTCH2NLC-NBPF19_90_Het	A	50.0	1	-0.4	0.74	13.2	63.2
chr6	84008650	84008690	NOTCH2NLC-NBPF19_90_Het	A	40.0	1	-0.4	0.74	13.2	53.2
chr1	186494403	186494434	NOTCH2NLC-NBPF19_90_Het	A	31.0	1	-0.4	0.74	13.2	44.2
chr5	161007933	161007965	NOTCH2NLC-NBPF19_90_Het	A	32.0	1	-0.4	0.74	13.2	45.2
chrX	57840529	57840566	NOTCH2NLC-NBPF19_90_Het	A	37.0	1	-0.4	0.74	13.2	50.2
chr7	537576	537633	NOTCH2NLC-NBPF19_90_Het	A	57.0	1	-0.4	0.74	13.2	70.2
chr10	53141016	53141060	NOTCH2NLC-NBPF19_90_Het	A	44.0	1	-0.4	0.74	13.2	57.2
chr14	99889925	99889951	NOTCH2NLC-NBPF19_90_Het	A	26.0	1	-0.4	0.74	13.2	39.2
chr21	33156274	33157802	NOTCH2NLC-NBPF19_90_Het	ACC	506.3	2	-0.4	0.74	20.1	513.0
chr14	52626806	52626844	NOTCH2NLC-NBPF19_90_Het	A	38.0	1	-0.4	0.74	13.2	51.2
chr11	14011920	14011954	NOTCH2NLC-NBPF19_90_Het	A	34.0	1	-0.4	0.74	13.2	47.2
chrX	24327794	24327886	NOTCH2NLC-NBPF19_90_Het	A	92.0	2	-0.5	0.74	20.1	112.1
chr22	28281200	28281240	NOTCH2NLC-NBPF19_90_Het	A	40.0	1	-0.5	0.74	13.2	53.2
chr4	85772081	85772122	NOTCH2NLC-NBPF19_90_Het	A	41.0	1	-0.5	0.74	13.2	54.2
chr1	249239747	249240621	NOTCH2NLC-NBPF19_90_Het	AACCCT	141.7	10	-0.5	0.74	77.1	154.6
chr21	10084941	10085200	NOTCH2NLC-NBPF19_90_Het	ACTCC	52.0	4	-0.5	0.74	34.1	58.8
chr3	156930410	156930436	NOTCH2NLC-NBPF19_90_Het	A	26.0	1	-0.5	0.74	13.2	39.2
chr12	20945351	20945381	NOTCH2NLC-NBPF19_90_Het	A	30.0	1	-0.5	0.74	13.2	43.2
chr3	138365330	138365356	NOTCH2NLC-NBPF19_90_Het	A	26.0	1	-0.5	0.74	13.2	39.2
chr8	127580860	127580923	NOTCH2NLC-NBPF19_90_Het	A	63.0	1	-0.5	0.74	13.2	76.2
chr1	106587500	106587537	NOTCH2NLC-NBPF19_90_Het	A	37.0	1	-0.5	0.74	13.2	50.2
chr1	41082914	41082946	NOTCH2NLC-NBPF19_90_Het	A	32.0	1	-0.5	0.74	13.2	45.2
chr4	168209233	168209275	NOTCH2NLC-NBPF19_90_Het	A	42.0	2	-0.5	0.74	20.1	62.1
chr11	77499188	77499223	NOTCH2NLC-NBPF19_90_Het	A	35.0	1	-0.5	0.74	13.2	48.2
chr7	9260327	9260369	NOTCH2NLC-NBPF19_90_Het	A	42.0	1	-0.5	0.74	13.2	55.2
chr7	145150203	145150245	NOTCH2NLC-NBPF19_90_Het	A	42.0	1	-0.5	0.74	13.2	55.2
chr2	63271055	63271106	NOTCH2NLC-NBPF19_90_Het	A	51.0	1	-0.5	0.74	13.2	64.2
chr9	90307867	90307906	NOTCH2NLC-NBPF19_90_Het	A	39.0	1	-0.5	0.74	13.2	52.2
chr9	5684274	5684301	NOTCH2NLC-NBPF19_90_Het	C	27.0	1	-0.5	0.74	13.2	40.2
chr1	189961324	189961378	NOTCH2NLC-NBPF19_90_Het	A	54.0	1	-0.5	0.74	13.2	67.2
chr3	109535897	109535928	NOTCH2NLC-NBPF19_90_Het	A	31.0	1	-0.5	0.74	13.2	44.2
chr4	153729435	153729469	NOTCH2NLC-NBPF19_90_Het	A	34.0	1	-0.6	0.74	13.2	47.2
chr2	25451069	25451121	NOTCH2NLC-NBPF19_90_Het	A	52.0	2	-0.6	0.74	20.1	72.1
chr2	15821201	15821342	NOTCH2NLC-NBPF19_90_Het	C	141.0	6	-0.6	0.74	48.3	189.3
chr18	78016182	78016388	NOTCH2NLC-NBPF19_90_Het	ACCCTC	32.3	2	-0.6	0.74	20.1	35.7
chr12	64004621	64004655	NOTCH2NLC-NBPF19_90_Het	A	34.0	1	-0.6	0.74	13.2	47.2
chrX	56067233	56067274	NOTCH2NLC-NBPF19_90_Het	A	41.0	1	-0.6	0.74	13.2	54.2
chrX	42590091	42590142	NOTCH2NLC-NBPF19_90_Het	A	51.0	1	-0.6	0.74	13.2	64.2
chr12	101593787	101593832	NOTCH2NLC-NBPF19_90_Het	A	45.0	1	-0.6	0.74	13.2	58.2
chr22	41990342	41990466	NOTCH2NLC-NBPF19_90_Het	C	124.0	8	-0.6	0.74	62.7	186.7
chr4	107590008	107590041	NOTCH2NLC-NBPF19_90_Het	A	33.0	2	-0.6	0.75	20.1	53.1
chr21	26952061	26952087	NOTCH2NLC-NBPF19_90_Het	A	26.0	1	-0.6	0.75	13.2	39.2
chr13	63302131	63302167	NOTCH2NLC-NBPF19_90_Het	A	36.0	1	-0.6	0.75	13.2	49.2
chr20	61506570	61506827	NOTCH2NLC-NBPF19_90_Het	ACCCCC	42.8	1	-0.6	0.75	13.2	45.0
chr3	104180660	104180689	NOTCH2NLC-NBPF19_90_Het	A	29.0	2	-0.7	0.76	20.1	49.1
chrX	78455898	78455966	NOTCH2NLC-NBPF19_90_Het	A	68.0	1	-0.7	0.76	13.2	81.2
chr10	106501458	106501490	NOTCH2NLC-NBPF19_90_Het	A	32.0	1	-0.7	0.77	13.2	45.2
chr19	51023460	51023523	NOTCH2NLC-NBPF19_90_Het	A	63.0	1	-0.7	0.78	13.2	76.2
chr4	87112706	87112745	NOTCH2NLC-NBPF19_90_Het	A	39.0	1	-0.7	0.78	13.2	52.2
chr5	102102630	102102661	NOTCH2NLC-NBPF19_90_Het	A	31.0	1	-0.7	0.78	13.2	44.2
chr16	79889274	79889311	NOTCH2NLC-NBPF19_90_Het	A	37.0	1	-0.7	0.78	13.2	50.2
chr22	22837222	22837250	NOTCH2NLC-NBPF19_90_Het	A	28.0	1	-0.7	0.78	13.2	41.2
chr8	65462166	65462208	NOTCH2NLC-NBPF19_90_Het	A	42.0	1	-0.7	0.78	13.2	55.2
chr18	8639145	8639190	NOTCH2NLC-NBPF19_90_Het	A	45.0	1	-0.7	0.78	13.2	58.2
chr12	47918160	47918204	NOTCH2NLC-NBPF19_90_Het	A	44.0	1	-0.8	0.79	13.2	57.2
chr19	15823245	15823281	NOTCH2NLC-NBPF19_90_Het	A	36.0	1	-0.8	0.8	13.2	49.2
chrX	39969882	39969980	NOTCH2NLC-NBPF19_90_Het	A	98.0	2	-0.8	0.81	20.1	118.1
chr3	68634094	68634122	NOTCH2NLC-NBPF19_90_Het	A	28.0	1	-0.8	0.81	13.2	41.2
chrX	87640606	87640646	NOTCH2NLC-NBPF19_90_Het	A	40.0	1	-0.8	0.81	13.2	53.2
chr19	54593160	54593224	NOTCH2NLC-NBPF19_90_Het	A	64.0	1	-0.8	0.81	13.2	77.2
chr7	8955451	8955499	NOTCH2NLC-NBPF19_90_Het	A	48.0	1	-0.8	0.81	13.2	61.2
chr8	89676627	89676664	NOTCH2NLC-NBPF19_90_Het	A	37.0	1	-0.9	0.82	13.2	50.2
chr5	121147534	121147569	NOTCH2NLC-NBPF19_90_Het	A	35.0	2	-0.9	0.82	20.1	55.1
chr1	246855854	246856071	NOTCH2NLC-NBPF19_90_Het	AGGG	54.2	1	-0.9	0.83	13.2	57.5
chr4	88408040	88408081	NOTCH2NLC-NBPF19_90_Het	A	41.0	1	-0.9	0.83	13.2	54.2
chr7	10000	10241	NOTCH2NLC-NBPF19_90_Het	AACCCT	42.2	4	-0.9	0.84	34.1	47.9
chr9	134099086	134099139	NOTCH2NLC-NBPF19_90_Het	A	53.0	1	-0.9	0.84	13.2	66.2
chr4	55933253	55933339	NOTCH2NLC-NBPF19_90_Het	A	86.0	1	-0.9	0.84	13.2	99.2
chr13	57389296	57389332	NOTCH2NLC-NBPF19_90_Het	A	36.0	2	-0.9	0.84	20.1	56.1
chr15	33030284	33030346	NOTCH2NLC-NBPF19_90_Het	A	62.0	1	-1.0	0.85	13.2	75.2
chr11	3561172	3561216	NOTCH2NLC-NBPF19_90_Het	A	44.0	1	-1.0	0.85	13.2	57.2
chr22	45168103	45168133	NOTCH2NLC-NBPF19_90_Het	A	30.0	1	-1.0	0.85	13.2	43.2
chr1	10000	10468	NOTCH2NLC-NBPF19_90_Het	AACCCT	77.2	8	-1.0	0.86	62.7	87.6
chr20	55925905	55926018	NOTCH2NLC-NBPF19_90_Het	C	113.0	7	-1.0	0.86	55.5	168.5
chr10	69609055	69609117	NOTCH2NLC-NBPF19_90_Het	AAGAG	12.0	1	-1.0	0.86	13.2	14.6
chr12	133841510	133841895	NOTCH2NLC-NBPF19_90_Het	AACCCT	64.2	3	-1.1	0.87	27.1	68.7
chr8	8151317	8151374	NOTCH2NLC-NBPF19_90_Het	A	57.0	1	-1.2	0.88	13.2	70.2
chrX	124485066	124485165	NOTCH2NLC-NBPF19_90_Het	AG	49.5	1	-1.3	0.9	13.2	56.1
chr5	126302597	126302637	NOTCH2NLC-NBPF19_90_Het	A	40.0	1	-1.3	0.9	13.2	53.2
chr5	69968047	69968173	NOTCH2NLC-NBPF19_90_Het	AAAAG	25.8	2	-1.3	0.91	20.1	29.8
chrY	13195446	13195552	NOTCH2NLC-NBPF19_90_Het	ACTCC	21.2	1	-1.4	0.92	13.2	23.8
chr21	11041072	11041100	NOTCH2NLC-NBPF19_90_Het	A	28.0	1	-1.4	0.92	13.2	41.2
chr15	102520967	102521392	NOTCH2NLC-NBPF19_90_Het	AACCCT	69.8	1	-1.4	0.92	13.2	72.0
chr6	4760113	4760205	NOTCH2NLC-NBPF19_90_Het	A	92.0	2	-1.4	0.92	20.1	112.1
chr2	3737855	3738047	NOTCH2NLC-NBPF19_90_Het	C	192.0	3	-1.4	0.93	27.1	219.1
chr8	145289401	145289437	NOTCH2NLC-NBPF19_90_Het	A	36.0	1	-1.4	0.93	13.2	49.2
chr5	10000	11835	NOTCH2NLC-NBPF19_90_Het	AACCCT	305.0	46	-1.7	0.95	346.4	362.7
chrUn_gl000216	2	83017	NOTCH2NLC-NBPF19_90_Het	AATGG	16600.2	17	-3.2	1	128.4	16625.9
chr15	77910870	77910949	NOTCH2NLC-NBPF19_90_Het	A	79.0	1	-4.7	1	13.2	92.2
